hCT0x9JiGXBQ,58125,varzea paulista,SP
PxA7fv9spyhx,3112,armacao dos buzios,RJ
g3nXeJkGI0Qw,4119,jandira,SP
EOEsCQ6QlpIg,18212,uberlandia,MG
mVz5LO2Vd6cL,88868,ilhabela,SP
UkqnhxmX7YMP,25902,porto uniao,SC
85jiDiGSfhTu,4762,guarulhos,SP
gDdkaN8b9s1g,75870,mogi-guacu,SP
9Csx6oXlpLl1,69068,bebedouro,SP
gZTPKLPRnreg,20921,sao paulo,SP
TDEBQrhIwApB,1223,itaperuna,RJ
1k71TCYNFCzj,11703,serra,ES
IfWKDQHkjLDd,32407,sao goncalo,RJ
kZ0rkJCJ6N5y,13843,mogi das cruzes,SP
zsCKIdqYLV01,2961,caico,RN
FrEvnEiMKGpr,28630,sao paulo,SP
3zvaY9gUH9bO,59020,barra mansa,RJ
bUornDCZmRD4,3440,sao paulo,SP
qEVfsXFU3er9,3936,apora,BA
mPg90mQwmDOP,85140,brasilia,DF
v6GelvnCrAk5,18500,sao paulo,SP
lZ0pUFQvjZNA,37589,lorena,SP
ckZATUjYdFd3,54070,sao paulo,SP
GuxDt46GwQEd,95912,canoas,RS
SPV4UclettEh,75132,nova iguacu,RJ
GpdbWoJi61Qc,20011,caruaru,PE
KD8KlSTtIm3Z,85155,sao lourenco da mata,PE
QU7yWUgfIpJX,35360,novo hamburgo,RS
rgjb3WchpjHg,57690,goiania,GO
JyHhNu9cbCo1,57180,belo horizonte,MG
Jw0zo2CWiEs7,95925,sao paulo,SP
MXiUFyGLUs2Z,89031,nova serrana,MG
oiBrZODbJTvz,17017,guacui,ES
mcuPjOLRkNpR,77807,sao paulo,SP
yOjH9Exn64WQ,11680,sao paulo,SP
yca6TkmY4yQm,50720,sao joao de meriti,RJ
LooHWGt3K5gp,88650,sao pedro da uniao,MG
oZqYD7eyV1EJ,93346,brasilia,DF
0hj86xqZbYSV,53610,sao jose,SC
l2wCGNSY1l3Z,58900,itatiba,SP
ukZ709Rl8bdF,3809,sao paulo,SP
iFsAJRrzVaTS,4932,sao paulo,SP
tSG89uyaK6MS,66040,ribeirao preto,SP
Ex7BhwPvrGyQ,4551,santana do acarau,CE
f4Frm4WEvj1g,45890,sao paulo,SP
ORO4ADUB1jHd,83075,curitiba,PR
jQ0u9oBPe3Mg,79620,sao paulo,SP
0I8vL0BlM1p1,2943,atibaia,SP
JtX09eqY5lk3,74943,sao paulo,SP
sk3z82bQhZAO,25651,recife,PE
eSqRKROmKF9Y,65210,florianopolis,SC
SNzA2roBQaGK,31744,rio de janeiro,RJ
IGPOK4wVaGbv,13065,taubate,SP
45WzrefbE0kB,99025,sao paulo,SP
dGD1MVag3snm,1050,curitiba,PR
EI8c9beFpTSQ,75388,santa ines,MA
YanexVtkhb2B,6810,santos,SP
iaDXrhsLGSc6,40354,belo horizonte,MG
hWGGX7sEla9R,36090,araras,SP
MNcdWG4E5iDb,72548,brasilia,DF
7mxdMPX1ERJj,9445,uberlandia,MG
JJe2PPwxISzG,25545,santa cruz do rio pardo,SP
cnalXbv8lRur,65302,cubatao,SP
Vpl3DrXMAEhb,65935,itapolis,SP
cWwtMYBNlwy1,98010,porto alegre,RS
bEh2OYyGVzcI,59075,timoteo,MG
3JeAegsqlpZ1,65510,sao paulo,SP
6gl6qALuNSUL,6394,claudio,MG
rAV7gKaOWkEy,71740,bofete,SP
CiOHqzRk5bbt,9603,manhuacu,MG
tIPFV5qJBgvT,78885,tatui,SP
yD2x7GOSsjqA,76470,governador valadares,MG
a9gFQyCfrVym,3920,parnaiba,PI
dXsploeBzop3,2757,curitiba,PR
9tQzKeNKhIoQ,3809,sao paulo,SP
TLYzpBJ3Cbnv,4854,uberlandia,MG
J2bElQYq3gEQ,11446,carapicuiba,SP
lFEdYUjKo6tu,48010,bom jesus da penha,MG
8tpStNEuJ43p,26293,porto alegre,RS
qvo2fc2aRUvp,63515,itu,SP
pk1Ke0Nxac36,33930,rio de janeiro,RJ
UlqYPqEYgETA,8535,nilopolis,RJ
M7wmpVTfmiFp,25545,santa cruz do rio pardo,SP
4YfVSBGWPVdv,30662,santos,SP
pqIfz7jRxaKh,7911,sao bernardo do campo,SP
5XGKxFrzDdYP,25804,caiua,SP
oWBBqGwqpx4m,75630,bom jesus,PI
EeCs1w6JNdPU,39363,primavera do leste,MT
hgHQgpZ9rVHu,95870,itajai,SC
uvuFFZDOAlU7,93410,sao paulo,SP
bVaqeOVzrNj1,58580,niteroi,RJ
EZkjVsEKMQF0,88130,araraquara,SP
LkYwWbX35V3p,36700,sao paulo,SP
paCiJAGDh54D,12053,piracicaba,SP
wuCRBXrAQIyN,86375,goiania,GO
jsuJ85mr7Rlb,31525,guarulhos,SP
7qqTmdyVGDMP,99990,sao goncalo,RJ
ebCRKHmjYa2q,82640,joinville,SC
ap5gXjoc79ju,48020,sao paulo,SP
63cb18M1Z31w,4114,ibirite,MG
cIIcBGeYxzLl,21640,palhoca,SC
asn6Y9BiG6Ma,2261,curitiba,PR
MdXOdiX1GYJB,25560,itupeva,SP
DFT8eetndqim,99250,monte azul paulista,SP
pfARTA1RWJhn,26140,joinville,SC
G7fLaaLEAieo,44092,concordia,SC
VOohNhPUdkDS,3274,araraquara,SP
dvl5K6eo1ouv,62800,osasco,SP
Nxs89iJKBJ8Z,2185,jundiai,SP
fo2DhPj0geOU,5642,januaria,MG
ufG7Q9l2g5Dn,25680,sao paulo,SP
uJZ6s76zSxtN,95173,campinas,SP
gngo3QnJVUXB,56460,sao paulo,SP
HtPYXtaKFzex,49180,belo horizonte,MG
xIjzSNbQQ1uw,94451,sao bernardo do campo,SP
3qJ5VThdsczu,6010,uberlandia,MG
lZCaJq9iYKt0,59015,brasilia,DF
ncBjZzosb18g,29330,dom pedrito,RS
E1CIwdUAL7mV,4734,rio de janeiro,RJ
QsVvy2vjoqJ2,88350,passo fundo,RS
eWPTvp2Uxgjr,70298,dourados,MS
SDjEL1DMM89j,3974,assis,SP
A5ypt74Dm5ED,39900,acarau,CE
M8toooCMGG65,39625,porto alegre,RS
YeToIjRZbK1b,4832,sao paulo,SP
zwFtWWaE2Ja8,37305,vera,MT
Yu7y0eUjrMjF,1414,sao bernardo do campo,SP
tvBnqB57rQrh,2634,betim,MG
EmOTT0NimdgC,64080,resende,RJ
3QWW2QATQoks,2247,maua,SP
9U87V4FA6owh,70865,sao paulo,SP
LGiyKX8bqvRl,59300,telemaco borba,PR
JG5L1Y6huM3k,26572,peruibe,SP
grsbZ5L1H5ty,19030,monte carmelo,MG
ZLVSgLGIBt50,85303,assis,SP
LFLEYmt3mGzI,29192,rio de janeiro,RJ
26bdBz0weg9K,28145,carapicuiba,SP
iWDrWao0rL2O,89108,taubate,SP
6rX0opAYaf5O,92323,santos,SP
WnCydkx96ul3,13609,buenopolis,MG
frNd2yIHhY1X,76390,paranaita,MT
5aMM3LwvZE6p,9655,recife,PE
5nowe7IWIlDi,2932,sao paulo,SP
nOJb8kxjeqMu,89202,caxias do sul,RS
qVYMpdAeuyNn,31746,campinas,SP
9QRPPukPDKtj,37136,betim,MG
ejNZQ7X7x2T3,94950,teresina,PI
Aecwfm7Hmsal,13170,cascavel,PR
tc4f86hhYwpB,95250,salvador,BA
u1gplSGJr1m5,11661,salvador,BA
JOJJwXBnFMcH,83411,curitiba,PR
txfGakDnlUkr,35325,lagoa d'anta,RN
Hv2CJ4UgONx7,26263,betim,MG
aptoeeHlIxbP,33120,ribeirao preto,SP
Df666drgmPfx,42721,paranagua,PR
DRJMerHUON15,6690,matupa,MT
7oijac5SpbW5,4690,guarulhos,SP
N9TistbY5amC,4880,sao jose dos campos,SP
CWALhpNIASHI,95835,carapicuiba,SP
jnoKHCWQzJID,79115,lencois paulista,SP
eKhyaqjCe7PA,24310,campo mourao,PR
0XrxfhxhjXYE,74660,rio de janeiro,RJ
yBX7ugjJOTSS,6030,itumbiara,GO
oCaEiLxD6fHF,45710,sao paulo,SP
I94cAhDO80TM,35470,ferraz de vasconcelos,SP
nyVwdmiDhhG6,39780,belo horizonte,MG
uQoGZ4NfZUsh,35894,conchal,SP
5dFJ3hGKYymc,89970,ipatinga,MG
fvrCaNELssNc,97385,sao paulo,SP
g0UqYq0z41XR,74460,niteroi,RJ
VBhPvelXEBtq,95181,diamantino,MT
TSar8iKGBFdD,88704,niteroi,RJ
YsC9HcNGEOnJ,15010,cabralia paulista,SP
UXwfLujVOTVL,60175,jarinu,SP
sllkB0XGYrxT,83413,taubate,SP
OSFTagz8LUCX,64645,sao paulo,SP
IG0zdwpicn3n,3185,florianopolis,SC
gvNtQarZgOr8,28664,aracaju,SE
YeOwwF3fdWgu,66115,jundiai,SP
HTmirdxNO6w3,3553,niteroi,RJ
ROKLVaGH8de0,75220,duque de caxias,RJ
vqxOoMq59uav,2532,blumenau,SC
RoIfzwKM1yvo,3928,rio de janeiro,RJ
E1orXI8bLrNV,89065,sao paulo,SP
FOHBkie5YOyT,7273,sao luis,MA
e2pbPEjaeR6m,66035,rio de janeiro,RJ
elCsLJhTBJtl,55590,paraty,RJ
rCX2RwzGubEQ,78455,mogi das cruzes,SP
xbIMznITKpTA,87709,conceicao de macabu,RJ
BKYTz5VyeBBd,17034,brasilia,DF
abN6KF4qdL4n,4859,sao bernardo do campo,SP
Azn5ULeYYh8s,9160,santos,SP
78uia3DgAfNK,12960,santa isabel,SP
Py7WXu4L3Wmi,65870,guarulhos,SP
CFLESwh13Z7B,64820,adamantina,SP
SaNj4MhzahVL,69099,salvador,BA
qk3Ys1QXliaP,26113,barueri,SP
4JEusie8wqjJ,98465,limeira,SP
NvTNauiH1qDG,75713,osasco,SP
HFRFmaPKlKMJ,18380,sao goncalo,RJ
KC8GYZZaxJut,89868,sao paulo,SP
1GWMLfIMdj4c,29970,alfenas,MG
MqcXipRNMkYz,23070,vitoria,ES
ILqTIy6lgDe6,95055,campo grande,MS
qok4zm9Soojy,2368,sao paulo,SP
K344NrOcLCky,48030,salvador,BA
Q8Lv1HumoePe,13290,itajai,SC
8Y14XQoJK8Ha,23911,rio de janeiro,RJ
lZxA6yRvTQOj,89690,florianopolis,SC
nodpgJjEkMSi,55016,caratinga,MG
9tBiIII0TOJc,18707,florianopolis,SC
wu4LLpEktWbt,74680,garanhuns,PE
wMofpXKFWSfh,13060,maua,SP
2gkH6jQ35V6r,36328,ribeirao preto,SP
KmfdV8VuGWM8,18143,ariquemes,RO
DZQwRhEhGk0D,7064,diadema,SP
PXqEjREEffav,62190,niteroi,RJ
orIYzq1FFngF,68505,morrinhos,GO
XBdsnwLCiVEB,62400,londrina,PR
XojCouERzFos,32425,goiania,GO
5j1oYFmufbg3,88816,erechim,RS
bF5K2Cy2Z7ti,57545,guaruja,SP
0P8fiFGwbcyB,6056,brasilia,DF
RwArI5y9MN7r,58027,rio de janeiro,RJ
SpZjRYzPDtxp,65293,sao paulo,SP
xe0n3nVehHaT,8051,niteroi,RJ
waMZKYMRuVn2,58195,fernandopolis,SP
GUzQDRVGumYn,82030,sao paulo,SP
qPcKrtMv39Ny,31170,sao paulo,SP
weHkbjfrV556,51021,nova iguacu,RJ
qkLJoaytabZ0,52150,goiania,GO
mpDGFN6xdUn7,6535,carapicuiba,SP
sNJV5Gu55TZU,70722,aparecida de goiania,GO
G9BomGyiASFC,3870,sao paulo,SP
U6mP30pWiUQe,74825,sao paulo,SP
C2neZlovyKdO,96508,goiania,GO
zYGWePUn88Up,30666,alto boa vista,MT
jNtpBPyIRlVh,2672,bombinhas,SC
ZmQxYSc3Pkep,41612,sao paulo,SP
kUuQFMv8ogyX,20040,tubarao,SC
QCRBg1XfOOjC,11703,serra,ES
G1xpdgzhaH2L,76934,fortaleza,CE
jLJ0UsbRochy,29735,guaruja,SP
mdegAh8lW0zh,45615,rio de janeiro,RJ
XHcb3dwn67J0,13601,sao paulo,SP
J8tIqKe7Lwty,2913,sao paulo,SP
tD2qw06fKcBX,2560,maua,SP
jOwLUQxf2vs7,59700,sao bernardo do campo,SP
Aih9DU6s8oyK,71971,anchieta,ES
DAue1YHraRsj,39625,porto alegre,RS
lOWywMERsxp0,31540,rio verde,GO
32bFKHvMMEMv,27933,salinas,MG
pFnZuW57EJTb,65605,macae,RJ
qZiLCVLOzw0L,68640,rio de janeiro,RJ
5ScAfYqpztVr,58027,rio de janeiro,RJ
PkOW7Cbf1rU5,12908,ourinhos,SP
Q9msAR1VvoH1,75906,rio de janeiro,RJ
5S0TZfFeWPJY,64764,cariacica,ES
OU8Z7zF81JnT,62940,jacarei,SP
BDzndD4z9i8L,57520,sao jose dos campos,SP
a6lBUx2AmE65,28911,maringa,PR
lqQQsrkprasJ,58195,fernandopolis,SP
XTOCrs09YhZc,85825,sao miguel do iguacu,PR
it7WXIogmstw,59518,teresopolis,RJ
JOACXMuORdtc,11310,palmeira das missoes,RS
yupMoEFfDnE6,93525,rio de janeiro,RJ
H0nuPXkLsYFV,30315,serra,ES
r9lY5RrZLPkE,45055,sao gotardo,MG
dxaR7zuMZLgv,72329,rosario do sul,RS
baOQZP8fmfKu,11664,rio de janeiro,RJ
q1JW0zZ8t77Z,48925,curitiba,PR
kgaRisbWkR8S,99350,campos dos goytacazes,RJ
AWTTxA4Co08L,57520,sao jose dos campos,SP
LJGTAEWNa0kn,7121,sao sebastiao do alto,RJ
gHIMze7jfJUK,88374,sao paulo,SP
BUGMPRmV0G7u,9641,itueta,MG
qGZel9QhDI8k,3966,pitangueiras,SP
siCyyCHgC5RU,60160,belo jardim,PE
AXZAKk41nNaN,52090,sao paulo,SP
OfMjFMFtGloy,57084,gurupi,TO
m3LhGnVaiRSE,2978,sao paulo,SP
rmFc8ZT8QAFE,14801,rio de janeiro,RJ
FyFlugMB18oj,4567,itanhaem,SP
1HB2U2sb6O4I,23070,vitoria,ES
77lm2vFcJFw7,6343,piracicaba,SP
LdivnAK1VWzF,65480,sao paulo,SP
OKSc9zMvBf3H,74954,sao paulo,SP
YpVY4KIM3kpF,58187,sao joao da barra,RJ
I4ORWasAtn2t,86990,mogi das cruzes,SP
sGbCOPBJBIGl,57036,natal,RN
jV8iADqbmykv,5018,taubate,SP
EgtRXe3XSoXX,71905,sao paulo,SP
vIv7e64Weojr,5586,sao bento do sul,SC
f0McnuJJg7y7,72506,granja,CE
w4gVmc7ZPB7J,89888,jandaia do sul,PR
DxOIWqM5WfD9,81220,rio de janeiro,RJ
niuqvDhsbEh8,11010,porto alegre,RS
wXlHYtczLH4a,60010,belo horizonte,MG
NDyqAszwpmxL,45065,sao paulo,SP
ix0IHcRs0FhV,12830,manaus,AM
KWvYwxFj89oa,59012,franca,SP
vHB4wi1rw7yJ,5582,contagem,MG
SkyzvQhclOjl,7861,porto alegre,RS
eGMfCgBLlg0f,94410,sao paulo,SP
7TsE2duwQ56v,65036,coronel freitas,SC
IcpG2VytJuOz,13171,osasco,SP
CMzWm8HwIEmO,99190,rio de janeiro,RJ
y3TdpB1uofUy,70238,campinas,SP
jR6aMohAuoS4,26535,rio de janeiro,RJ
fhyuZMq5ShwO,7854,sao paulo,SP
0t5EtElaEA8e,71909,sao paulo,SP
cf8KM8v09yFJ,86078,sao paulo,SP
RLR3Jci7EXFZ,72145,curitiba,PR
0ShwdFYw9sTD,5584,marilia,SP
lpnDqjklOzIA,71698,curitiba,PR
asSHqDT749oJ,9684,sao carlos,SP
MhqK5dPuLYq2,87270,curitiba,PR
tvF46j0D02zc,65074,rio de janeiro,RJ
o2XHJSQDVUjH,54120,sao paulo,SP
A2TCBWxtXciV,89095,aracaju,SE
LxPsuAedB4QS,13610,santana,AP
FIE7qnYGWctO,96075,sao paulo,SP
tZilI8V0g1e0,91150,santo andre,SP
kSoHzbViRklm,48475,jequitinhonha,MG
PqmwLFfBnOBx,4844,novo hamburgo,RS
5dXseDWEmiMC,46550,sao paulo,SP
KUQIrn86ttIe,15160,sao paulo,SP
KuWnR59U1FPy,68665,garanhuns,PE
k2pIrgPtCGma,2441,ivoti,RS
yhYEYeGAUIUp,6630,turvelandia,GO
Ct3CALEeBTfd,17600,sao paulo,SP
uYWZFxT8YNW8,76195,sao paulo,SP
uiQXR8amJUZ5,2126,sao goncalo,RJ
J2eUP3qQRX21,74932,cornelio procopio,PR
f5osd5e09qiH,89035,sao paulo,SP
Clcqfbd0dHQy,5858,ibaiti,PR
wogvLVoYwlWu,59380,itajuba,MG
UJAKUaIGlRn3,24119,contagem,MG
JKRYqZKJtJZE,9691,sao paulo,SP
wlZXim18Y5wp,4015,rio de janeiro,RJ
V2yQapEqeiQ6,5707,conselheiro lafaiete,MG
XVlW6vVBrmk6,5521,cabo frio,RJ
fAmGDfYoJrNI,13973,cruz alta,RS
xCiOfWxQ7Btv,16025,aracaju,SE
0EzNwB0wYA0w,82300,andradina,SP
eQaIzzVXvSVe,85423,fortaleza,CE
Eyr64dIilcgM,4567,itanhaem,SP
Nsa1cccryn3Q,99450,laguna,SC
GtjbUb6VvhUd,7221,barra velha,SC
RR1YZ96cZobY,30662,santos,SP
c6jqSw2fKK1m,15042,curitiba,PR
fQp5U82OnxIM,15154,camacari,BA
pV5CMhjRA4BD,1534,lavras,MG
5rqBHhb2Lu0d,14990,diadema,SP
Vbad86A2kO7h,70872,fortaleza,CE
sonYdrcofFIt,1138,salvador,BA
YzjQ1d4ODDkP,4612,sao paulo,SP
MtMtwGLv0AAT,40070,guarapari,ES
cZEYe5ZKG6Ze,4274,rio de janeiro,RJ
WZCFk7SWMFFm,6844,taubate,SP
suzK9f0sEvIi,93214,sao paulo,SP
4Bv5yXlke7qp,17860,santo andre,SP
cNow1DF5YxjX,41231,volta redonda,RJ
3Ll46Tj9RN0q,16670,fortaleza,CE
CuXTYUcBde3A,88868,ilhabela,SP
kpZeu9Hs5XXS,6810,santos,SP
pJbXZRS0sqqS,11088,embu das artes,SP
M0P5DHWYoZPr,35740,itajuba,MG
WJ0q80kQ7mZH,37278,campanha,MG
318n0db79d19,89253,uba,MG
8xqmTu5tWixx,9160,santos,SP
JRAkBW52ylzK,50100,sao paulo,SP
82FOTwe8xDKO,58069,sapucaia do sul,RS
liwpNZL3DOZJ,3962,rio de janeiro,RJ
oyP6xO7xWbXU,2519,rio de janeiro,RJ
7mxhG9PYa0St,3942,santana de parnaiba,SP
7CbZKrOjHS4p,70253,rio de janeiro,RJ
PZ5SLcuCD4Yu,2213,nova lima,MG
xydnwS2B3vnq,6443,belo horizonte,MG
fSoEDQavGSYo,37036,sangao,SC
k4jj7bTV7KmF,77940,perdigao,MG
QlaBWwflyrZE,71200,cariacica,ES
Jzld306kU0gs,38749,indaiatuba,SP
4A1nimyUtrUc,53350,duque de caxias,RJ
XX2dJ9DXoJxM,31744,rio de janeiro,RJ
D4td8E6o42m6,59275,porto alegre,RS
BRLLIQSyAdJL,71065,amparo,SP
foSnpCEnGhUf,2436,jucurutu,RN
P6cZmNiSsPET,99712,sao paulo,SP
ubqgVrx7Q6VP,3940,cotegipe,BA
0N5XKb26IvYY,83010,maringa,PR
zf5qacELJXoq,64003,joao pessoa,PB
lYUoEtPmJ3Ec,29047,teresopolis,RJ
bsKMNBf3TtKo,65051,rio de janeiro,RJ
BQrXeVYPxqjC,75630,bom jesus,PI
Gv4L7KQQIHYo,4416,cachoeiro de itapemirim,ES
zCLkW72kCLsN,4689,sao paulo,SP
NPnOZtUOru3M,88430,rio de janeiro,RJ
u4hRRgVMxNTn,35230,parnaiba,PI
tkakHcVpbwX6,36606,sao paulo,SP
4KLZy11ffOBh,11679,sao paulo,SP
raO6T3ZRgYFO,2464,sao paulo,SP
WIP8NXN0UPhn,3678,guarulhos,SP
bjeelhNkZcyv,3710,belo horizonte,MG
ZVNvIsLUX7Ow,61658,feira de santana,BA
WcVycaMeJ4gS,63125,sao paulo,SP
kzwYrZU61Z4q,79530,santa cruz das palmeiras,SP
G6MX3ES0McR8,76386,porto alegre,RS
mUpYzU9GRF4C,89113,piedade de caratinga,MG
cQuboCzfXNZr,4470,tres coracoes,MG
wzKCnrsGrhPT,11703,serra,ES
J12B3ZAghOYC,80520,novo oriente,CE
iVkQDCNUtDjj,53610,sao jose,SC
UE4JY3IxQWBi,48840,rio de janeiro,RJ
Ne3XkcBUVu8b,58540,rio de janeiro,RJ
4GshpMTgfphC,70331,joao pessoa,PB
MCJjhEvGihoi,37940,barra do pirai,RJ
Qq0Ot1OJIGWr,5712,mariapolis,SP
JOfDxyqX9fkr,4054,goiania,GO
pl1k9l5U9S8e,9785,jundiai,SP
PSsOpTjyt9Wi,13337,sao paulo,SP
RIwtPliUhQqd,21210,rio do antonio,BA
krPjYIHB5zZO,2012,sao paulo,SP
jKjvNEBa2aca,93212,piracicaba,SP
92M1ZSNwBu4x,89259,sao paulo,SP
Sv2DgoaKSvpO,74660,rio de janeiro,RJ
w6vMShfahXuV,13349,ji-parana,RO
4dXpFDzeEjZN,11542,sao paulo,SP
8dkyClEJJOYa,65606,sao luis,MA
DdZ29jlHHmyY,74840,janauba,MG
YPU900q1t2YI,21020,curitiba,PR
pHOHna6m77aV,88570,carapicuiba,SP
L02EQ9VH35mB,87860,lajeado,RS
sq0rbPHjliJf,7835,valenca,RJ
JQKGVe0QMCMH,2873,sorocaba,SP
BtHimucWMyxR,69086,niteroi,RJ
SGhJNvVg9Xi0,39645,santos,SP
KYzOqTmXicFK,5547,diamantina,MG
v0LHJSIsjfmf,1127,americana,SP
ETxNSyUi9shg,80540,sao paulo,SP
pYxdTfdytZ2g,58675,linhares,ES
ynxUzbdIr3w3,3004,sao paulo,SP
lJEOyEyJeAQ3,32675,porto alegre,RS
rxjKzexaNB9k,37245,florianopolis,SC
Hnvi7ZKd3ViY,19230,itatiba,SP
E5gUJ12UZIcN,1254,sao paulo,SP
Ms31JGlld0AB,12228,pedro leopoldo,MG
qVQXahZZS0J5,29240,rio de janeiro,RJ
lT6im48NY8vz,3401,niteroi,RJ
q2FJe6vCRDrC,48967,itacare,BA
XtOyBmJp0LUi,65470,cocal do sul,SC
JpUSpyQNnUFU,9445,uberlandia,MG
x4edkJFvuVsU,4144,florianopolis,SC
KWppLJ3KkTqt,74375,guarulhos,SP
hi55tQkf1YUb,60861,salvador,BA
GyvnEFzj1eSn,36590,piracicaba,SP
8H9DOt7c6rdA,12305,juiz de fora,MG
gfqX2v3f4RPq,6130,sorocaba,SP
BW8Lo9R5OCBF,55250,itabira,MG
juTccWeP0t36,9750,coribe,BA
yZHCoK29gkLY,93218,sao paulo,SP
1ZcxU7AQGZ9F,45157,feira de santana,BA
lhqcordf2lwr,49190,cosmopolis,SP
yBkaZti5rtw3,58068,sao paulo,SP
uWLhlCUxUAvB,13060,maua,SP
HrmPH3YugHtK,22061,sao paulo,SP
mrR5h0AEdYi6,3433,para de minas,MG
ngktKR1wEcBm,85860,ponta grossa,PR
tiR8d0Kh5Jc6,65046,recife,PE
fa3w4QbR495z,65335,florianopolis,SC
3p6GlBbXYyIE,12216,suzano,SP
g3Zqo0PFbDqc,4137,araras,SP
BDA2JVxE7ftl,21760,belo horizonte,MG
ydAOeYfFxXaF,40280,jardim olinda,PR
T1Wpepr3o18t,3378,limeira,SP
WVv4miDDo0eX,4231,brasilia,DF
bNeRqMLIiSra,35064,bauru,SP
4OtrRICCPJjt,44024,conselheiro lafaiete,MG
3V9lD01x1gJn,2861,lima duarte,MG
ra74PYXYSXiJ,25680,sao paulo,SP
lFYmOcPHaoiu,6845,petropolis,RJ
v1l7AIjVmt79,5367,sao bernardo do campo,SP
9sOKJY1Egnyx,75144,birigui,SP
iFx9nhKebrl7,64002,santana do paraiso,MG
KRONM1dA2lfQ,1551,sao paulo,SP
tiLtxv9qmhyC,91540,brasilia,DF
8pUqAdsQsQDb,45078,nova iguacu,RJ
CeEUh3SwQawM,89234,sao paulo,SP
jqeaDO2nRwyL,70422,arcos,MG
DpynHQ1oNPfb,13841,manaus,AM
5vFPmIruPRJV,23897,sao paulo,SP
fGsOxoES4mx7,28905,curitiba,PR
sS1MpZqBZKal,29212,sao paulo,SP
v0XDhQrmh7fF,17057,candido mota,SP
bh2cF3JmJ2t9,78400,andradas,MG
pxR8dmNDPHII,1122,mogi-guacu,SP
0dwG62wm5EXo,7064,diadema,SP
1CTHWhRh08q8,66914,oeiras do para,PA
kg6PjPxXjsla,23525,rio de janeiro,RJ
fHVbWHVvFvAg,24411,araripina,PE
OQzGE68TCNmT,89245,silvianopolis,MG
1oRENXkJlZ0G,70324,nanuque,MG
8X4EckRWNgrC,13320,resende,RJ
DWCmlJ4EG7eX,7042,sorocaba,SP
dZXNFWBztPxm,2443,protasio alves,RS
N3XOyO3yG21M,37860,rio de janeiro,RJ
doLbnMg9cgdX,5550,brumadinho,MG
uriYakkXSNmi,23915,sao paulo,SP
XFiJljumZ7uq,8771,maua,SP
cLLRJbaB1mhj,8613,sorocaba,SP
oiZmh73uiGwS,31980,sao bernardo do campo,SP
IgyJvK5gR6SR,23063,barretos,SP
leBInh5r93HN,77020,apucarana,PR
0cEBYWKAAChg,50020,sao paulo,SP
xtxu1WMCyvol,11444,taiacu,SP
vCkuMzqO4rmZ,81130,pelotas,RS
bwZy8EyKyv9S,88130,araraquara,SP
Y9DZ5DNyxciy,18700,osasco,SP
qxtN5VZfpUq3,12926,araraquara,SP
C3kJ70a7fjuS,3636,itaguai,RJ
0IPkaXGxHl5E,25050,sao paulo,SP
rgTkHUdooQPh,2855,guaratuba,PR
RJBqpyAkOebP,90570,duque de caxias,RJ
8ezHf93Uw3G7,64016,boa esperanca,MG
Hw7J9UEM7dXT,4567,itanhaem,SP
PJpmhdRKHSg5,6340,cuiaba,MT
UaLWJGLgQC3f,3191,rio de janeiro,RJ
5MyD7VKiGpIv,31080,sao paulo,SP
9fjwetymLYMt,5117,juiz de fora,MG
1fJkF55M3PPZ,35830,itaquaquecetuba,SP
PiJQSSWWQHbm,9571,nova prata,RS
iXz5d6LpMj4Y,3320,veranopolis,RS
CFrkanFG5hxx,74805,sao paulo,SP
wBra6P86wElz,65072,rio de janeiro,RJ
KBOMyZ6VTKz3,27947,vila velha,ES
zIuFaia96Pe8,4857,itajuba,MG
TTzoSo8JSsaL,69037,sao paulo,SP
OYQsIqnpDCaS,81220,rio de janeiro,RJ
TKqDg6UoaInj,13341,vassouras,RJ
bCMOZAGYGOWt,17026,santa maria,RS
UhCrOwInZQlf,95580,guarulhos,SP
U109zXgPrpe7,70908,inimutaba,MG
LFkJg38YqEDZ,79042,pesqueira,PE
wFK1Lopl99Ne,5655,barra bonita,SP
VcipCglKV2o4,30170,duque de caxias,RJ
OZwDTHk8UM6T,15085,piranguinho,MG
gQdWOmsfecTO,25937,sao paulo,SP
aD1XMSmFY1vY,72910,sao luis,MA
uSCevHJlrO8i,65020,sao joao de meriti,RJ
wY6AtOwM7wGD,74953,campos novos,SC
yoriLjir2D3d,3657,sao paulo,SP
Xut3FvRmZXLN,13973,cruz alta,RS
3zq9ANqpHGHe,64090,curitiba,PR
z89ozaKkDtmV,6670,fernando prestes,SP
O1hfvrqNcNCL,12324,araruama,RJ
mEDt9a4BBKAe,3551,hortolandia,SP
ZlqRS91Sx3AW,14500,rio de janeiro,RJ
NfUJUoFeIoIR,2878,florida paulista,SP
lRq4L8YCPlRH,5095,americo brasiliense,SP
P0Z8DjVJj18E,5687,sao paulo,SP
hHNn2jitgakw,1011,porto velho,RO
AjA643YSt4QM,79045,barueri,SP
f1VBybG7mc8B,39580,jaguaruana,CE
OihNvx7IAT4w,88309,sao jose dos campos,SP
SopWM0hfN6qC,99600,mogi das cruzes,SP
xmJscz0hC9vj,1412,aguas belas,PE
kjxp6KAhtIrb,36844,sao paulo,SP
ruWpsuNc4lhp,84016,angra dos reis,RJ
3D0cJDQIYfnY,85896,sao paulo,SP
tqQeBCozqW9g,13650,para de minas,MG
9OTVLUcI3AW4,3553,niteroi,RJ
IgFTw1gGD2PM,3251,montanha,ES
PhLqU5Zzqrc4,1414,sao bernardo do campo,SP
AskeGgEhJilz,29107,vitoria da conquista,BA
olMfe4iTUkGW,13733,florianopolis,SC
OHVueTfeofEz,88134,jaboatao dos guararapes,PE
9qJlHyw6biJC,49250,resende,RJ
9HC2BqZ8O7Gy,21630,rio de janeiro,RJ
VJKW5atVoMtb,44460,brumado,BA
GMz9WKA2YsqR,3692,feira de santana,BA
6yACOjTbPbC3,44720,contagem,MG
hSuXHICxtGvr,24060,brasilia,DF
UUnWaaODdN1g,86707,varzea paulista,SP
gjhOKZD0F5iO,75901,sao paulo,SP
YO4u5XyXFWQs,7807,quatituba,MG
8BABx62jJ0n3,4168,sao paulo,SP
N9NZZLorNdyE,27353,criciuma,SC
VQ0Pkm1zSRFF,14640,rio de janeiro,RJ
7YqEuWtb6F0G,1250,ribeirao preto,SP
A045cjRRI0Kv,9785,jundiai,SP
2WeRLpDdPyqu,78850,sao paulo,SP
FlKjGbZk7ZYr,70857,salvador,BA
MLaGQ4tVPTpk,25806,novo hamburgo,RS
quvutbefzFWu,88135,gravatai,RS
pQ3sUmtk40Zy,86036,sao paulo,SP
hED94wRtFlYA,39403,forquilhinha,SC
WGRkXTEm8Xj5,3178,cacapava,SP
d1UPmBLHWh6G,56760,sao carlos,SP
5wASJanXd9Zn,15900,limeira,SP
45W1h821N0nl,25265,sao paulo,SP
lsZGJmS41mCu,90240,sao paulo,SP
1W6oeCzdIONu,9760,garopaba,SC
W7XpQ5aqzrip,45991,guararema,SP
P8TetD0XWQus,1026,sao paulo,SP
eYPiYmHZQccA,3710,belo horizonte,MG
7KjdZT0PG0Ks,13977,piracicaba,SP
L0o9iw9y5MlU,16010,recife,PE
cFrGmXyMPF9R,2021,sao paulo,SP
qKwKHRKPGiZj,24436,duque de caxias,RJ
kilBkiCdUnem,49035,campina grande,PB
yQgunhiaufL9,23911,rio de janeiro,RJ
FR2elKVnKHld,7990,alegre,ES
1fZWh4UiysC5,15315,jaboatao dos guararapes,PE
YpE0AtdbuQ1S,3553,niteroi,RJ
dxvXuP8LISdi,44610,barao de cocais,MG
G4ZM9Ac8Qbm6,60730,paranavai,PR
chXzj02yc00n,23063,barretos,SP
a84zfPtNB996,37010,indaiatuba,SP
IU4TvlloI5MV,3882,brasilia,DF
YmiS5Nxba7K8,45540,santa rosa de viterbo,SP
7ofQy5P5ZfTe,28390,hortolandia,SP
mbaTkec0ICIO,36504,rio bananal,ES
rQm57IXSie35,45580,cristalia,MG
mYpv36kYJ9jc,23028,rio de janeiro,RJ
jlWd6NeMqw1j,69029,hortolandia,SP
3y2edxqfHTbr,33930,rio de janeiro,RJ
rrZedImywQMG,95920,atibaia,SP
0RuElIt5nlY9,37757,brasilia,DF
DTjNrt0tmpIf,2253,caldas novas,GO
mUGCSHLNGBpC,6220,porto alegre,RS
BROM4JHv5Kjz,70345,mogi das cruzes,SP
D7fi76Tmbop1,84400,pato branco,PR
cWWVTzyGIZ0g,37880,curitiba,PR
uGn81rIzM78b,65145,volta redonda,RJ
ijVbcdYmK996,14871,cotia,SP
n46AKx3MlsyS,63580,rio de janeiro,RJ
LaGBMNe3W1ij,88870,sao paulo,SP
RjVmrC4IIKZE,81470,sao jose dos campos,SP
4uhvikC4XLsm,15155,sao paulo,SP
iUxcpfo25UNY,26051,florianopolis,SC
D3tr8r1xH2Kg,12228,pedro leopoldo,MG
Np6X4JLmDMET,8340,cambe,PR
nWgraqerDA8e,85708,itajai,SC
l2laOBQi5HmP,75890,mage,RJ
qlQX6HkI03Fz,2670,curitiba,PR
6o3ym7SUIfqQ,5106,sao jose dos campos,SP
TD2FsG6iCiKK,39868,pombal,PB
IdHvttL2ATIt,39467,sao paulo,SP
AMfT52NUc0BW,36050,ponte nova,MG
Plo76L5oxsqg,46550,sao paulo,SP
iYRUXJkfLFp8,5877,curitiba,PR
8j3BA6qiEdzA,5267,aimores,MG
sUAKsXIVVImd,4446,sao paulo,SP
jVY2Bx1usXlO,93010,rio de janeiro,RJ
KLqB20cVVdrB,19560,clevelandia,PR
V8r7bSG1Q9F4,66060,sorocaba,SP
tDICdGGZ8J7V,3081,campo bom,RS
nTHSQ2uDJRWn,26178,ferraz de vasconcelos,SP
MYXsfh8ql7G6,29704,sao paulo,SP
FznHkz9aboY9,78254,contagem,MG
4XHLPx0rwBNV,41635,rondonopolis,MT
DJd02UOYpLYO,28070,tres cachoeiras,RS
nV0JCMMQeJVA,4925,santana de parnaiba,SP
V6lGV0rRFaiS,26535,rio de janeiro,RJ
rIoO1EaEu1QK,4439,sao paulo,SP
BbSZuxpSIImX,49270,limeira,SP
gDMS9WqirVW5,17590,sao paulo,SP
lPx91NtRQIN9,72925,belo horizonte,MG
exf8fZGIpjaw,55535,rio brilhante,MS
Zh6zurqrjKLE,13306,cianorte,PR
Rbk2Wd5keqY2,26113,barueri,SP
i2jskDG3gKs0,17603,salvador,BA
2Wzq7dBPdMSR,29146,pontes e lacerda,MT
BvXcMOv4wnC7,3561,sao paulo,SP
m7pUFaiCOVx0,26140,joinville,SC
9vsyb2hP4Vmk,29149,itapecerica da serra,SP
HQyrTqKIsGu9,17110,colatina,ES
VHLgmai08Ssr,11441,sao paulo,SP
3Izfga5ixnD0,13285,osasco,SP
piK1IBUb2w7e,15718,rio de janeiro,RJ
O96lzXzw6AYg,36030,sao paulo,SP
hH48UIriohDm,35763,anapolis,GO
R8AdY9gHExeR,36406,brasilia,DF
MTBUBxEwy7WS,39455,niteroi,RJ
xcTyK1CurrMv,2636,sao paulo,SP
OI0BjDDtVtIH,55345,cuiaba,MT
6GD4f3cDpyLY,41322,sao paulo,SP
or7McZuf6bad,19901,sao paulo,SP
5Bfdau9Ng2SC,96832,presidente prudente,SP
Bj73BYx765hp,55019,sao paulo,SP
0frmdrHOOkpE,5314,belo horizonte,MG
AZOKGovSFuch,6097,guarulhos,SP
oXmuZdAyA8G7,29901,sao bernardo do campo,SP
OaoBwWfre1Je,13503,domingos martins,ES
j4lwd80WBi6o,6363,diadema,SP
axqtuF8VZwCU,16013,montes claros,MG
zl1rldPO8Tue,36913,coromandel,MG
3umDFH9EDf7y,96010,belo horizonte,MG
gXzYjpmmXEOV,40313,rio de janeiro,RJ
NkBJFguQY21p,75110,santa maria,RS
VlMSAPfwHIgq,5315,matao,SP
7GKrtIhadGvv,36913,coromandel,MG
467SrD9hcOut,21380,brasilia,DF
kQgl9nKDSSyS,14057,ilheus,BA
sMJD1Gi4E0Q0,58305,santos,SP
ZeWE76XQcZXz,3685,itaobim,MG
jzXpbH2ral60,45613,sao jose,SC
f4gW4Suy0oEl,88506,sao bernardo do campo,SP
piw3Qfq6aCQq,85911,rio maria,PA
2WUGUOucqK8g,36081,campinas,SP
anuDkTiQVNpA,2720,sao paulo,SP
LTHL9TW2RrAC,35041,aruja,SP
kgjfsEJ6GId5,86700,ituiutaba,MG
d4Vi7ZGQFRHw,53610,sao jose,SC
JqAtKvUZQzi0,82100,rio de janeiro,RJ
wq5Z7qwfgdCL,4284,cravinhos,SP
NeJA6GvVPoWM,26084,santo andre,SP
pXiSk1ugI5Dw,18044,iacu,BA
fDwrN4stY2KC,17230,vitoria,ES
q7kd2DiXaMYN,90110,taubate,SP
sdeQj4vNkMDo,24050,sao paulo,SP
4kOR22c6efaf,5025,curitiba,PR
Z9Qh1ywRmAmS,26113,barueri,SP
oDsW8MsomtLT,87075,rio de janeiro,RJ
4gjvRA9xHPoy,29386,guaruja,SP
ERHgZk4ehPoa,33937,palmares,PE
Kq86HDyW0eVY,2354,maceio,AL
Kv0L2pjxnscF,58150,sao paulo,SP
4Eujb5yIpqs8,75901,sao paulo,SP
95x00GvGvdsN,35340,serra,ES
mMMqaZdSGKkj,5874,sao paulo,SP
PVuEBsve8sGc,69309,salvador,BA
CFq5t8NmcBjF,69918,sao paulo,SP
7lzdx5NiTon5,13053,sao paulo,SP
yubQuMJHYArq,39680,sao mateus,ES
81pRzMsQXJvL,3378,limeira,SP
9cOeBSdJsVRt,3081,campo bom,RS
hrOVJXe5UIJz,72304,sao caetano do sul,SP
GPbGOYREi42j,5336,novo hamburgo,RS
m80CMcFQAiY3,64170,colombo,PR
h6HYxXQrwd4V,58068,sao paulo,SP
jCgGmRxJOQbZ,58750,sao paulo,SP
RXcTZwVMuh7r,13525,curitiba,PR
J4jc1HmP9Pp2,15360,duque de caxias,RJ
5MZJB9YPljy9,29192,rio de janeiro,RJ
qo9mo5acvOF4,7231,indaiatuba,SP
yp7tWschT65y,34007,sao paulo,SP
reMHDqdhR91d,5621,nova petropolis,RS
iInljnnFAiKx,3150,belem,PA
l0BfHbbSsIA9,8465,serra,ES
dXi3AN2ExobT,35060,igarape,MG
8fvg91ZFtCrC,15020,osasco,SP
tfDhuRy24czK,5508,curitiba,PR
bChh6mK7RBlh,81030,sumare,SP
js7p4pR7usCm,38406,sao lourenco,MG
5D0axTwrkrWM,37589,lorena,SP
6eHzzbzzyIgk,30662,santos,SP
Cmla8gynZMss,1330,americana,SP
6I0j6majP2zV,44590,sao paulo,SP
8Tw6incrVHGA,59037,sao bernardo do campo,SP
g6iYbCY1k7IN,36061,araguaina,TO
WgrrZAiIFfxF,35480,sao jose do rio preto,SP
Uv12TYPJRREK,92323,santos,SP
TEspEGQbc91c,4859,sao bernardo do campo,SP
XkxI5wF3CHFt,72316,sao bernardo do campo,SP
JJkwA2dXsbAk,86630,monte aprazivel,SP
DwrYDSd6OeXT,18704,serra,ES
QtzgTHJvBGA2,94859,sao paulo,SP
1Wq56HIEkGKb,85820,nova iguacu,RJ
5h0kQ0HMhfFf,98870,araraquara,SP
wp1SZ6IaocpE,38026,sao roque,SP
MdFRv34TfbSe,3251,montanha,ES
ND99OCtzv42A,6288,macapa,AP
Na6jIsBvA2HX,55880,lavinia,SP
L6OcEOe1nZgR,44089,macae,RJ
HbRTYGAJXlO9,76300,rio de janeiro,RJ
uyPatH89Y3vk,11348,teresina,PI
0a5GyHWgXwRC,4016,sao paulo,SP
7UDTJNVjyVsZ,6010,uberlandia,MG
WbXXBgKvWEjP,31573,fortaleza,CE
UAiITgXjnxCZ,4387,belo horizonte,MG
LA7Un8cF4ua8,85870,barretos,SP
GjlT9GmFOxne,65935,itapolis,SP
IXORq0vSvHjZ,57044,rio de janeiro,RJ
9qAEDlCVz1aB,76386,porto alegre,RS
rMxi7svVrGep,8795,santo antonio de padua,RJ
pUqBNnC4I8SX,7190,jaragua do sul,SC
SulnIySeqk4z,39547,sao paulo,SP
Xxzolt1osOHS,53080,jundiai,SP
X2Msnxmq1aQm,13044,niteroi,RJ
eCAzNzjXDBk8,74270,brasilia,DF
kKkQAKtJdOej,57180,belo horizonte,MG
DLiy5KeXCwtS,84970,osasco,SP
vg1KIG51dGCD,45436,tatui,SP
2eU7xUfNcc2B,11721,porto alegre,RS
gqfMMgoZskUF,4342,poco redondo,SE
9F01qm7yNN5P,32372,bauru,SP
q3caJiRuglHl,80420,rancharia,SP
1QRCJpFyHhcQ,75703,aparecida,SP
x16f2Nwi0e5t,32183,braganca paulista,SP
4N3NrsUCb8ae,37130,dores de campos,MG
KwbUpcEApWjA,26480,tatui,SP
jlZkqSbeX9QH,71810,sales oliveira,SP
qFceBMay1IfV,22733,itapevi,SP
0OohKYzzZ2mY,65220,pedreira,SP
jp9EnNQtOleB,54580,belford roxo,RJ
fr6JpIDZlyD2,58675,linhares,ES
LBRNA4xBKdTT,60120,rio de janeiro,RJ
RkBgnlHy7zA6,79310,sao paulo,SP
nF3dADWWvUpO,9133,taquari,RS
0jrDfc9BfALq,6695,duque de caxias,RJ
U9HeZjm4aO3F,83075,curitiba,PR
Tu2dx6QOyE8i,68145,sao paulo,SP
lR7BhKcSjUWc,29308,piracicaba,SP
GbVvvyIMfj3v,69086,niteroi,RJ
RqOVCP4wL516,29845,marica,RJ
rmiN2LwQ9w6P,17012,santa cruz do sul,RS
hoIsDWCliZVn,86375,goiania,GO
uQeDj583qSAm,85801,taiuva,SP
6fH8ni7Tzxak,68148,niteroi,RJ
zmPKaNshpXPL,58043,comodoro,MT
OBpLGqsUQhBo,12944,coroata,MA
EFeEPME7Uw2n,85819,assis,SP
fxVutq7faUFW,64211,nova friburgo,RJ
tSkTUffTE6z5,3515,colina,SP
EAgASb2SMfN5,62350,coronel sapucaia,MS
Rr7ZXsXDsK0x,28024,sao paulo,SP
9jEDzGXL4KhU,97546,sao paulo,SP
YeKfZ71hMXGQ,25272,ferraz de vasconcelos,SP
veBfcCl9tMIU,9030,petropolis,RJ
YuBfmnTBXO86,9852,sao paulo,SP
dN36SFWvX6rN,24846,anapolis,GO
MWesReS11jCu,4664,ananindeua,PA
Zo1pvdW0AauT,68640,rio de janeiro,RJ
7gSul4JmzgqL,7942,matias olimpio,PI
Y0kVLULSGsaW,4753,alagoinhas,BA
2mO4Y7rDDM1f,78240,tijucas,SC
Wc637DMRaKpr,58115,sao paulo,SP
5rjz5c9CTQ2k,88950,cesario lange,SP
qQRzsD7yBbeJ,89520,artur nogueira,SP
WY0zrQCtNGQI,3941,sao paulo,SP
gljUofdvu0Ep,60010,belo horizonte,MG
c17ylwxoqYXx,86900,juquitiba,SP
0uNf4PQte2lT,40243,curitiba,PR
nJ2ST6XCpEa1,65335,florianopolis,SC
aJKfethv72yk,90160,olinda,PE
bfY9CBT5Q7Bh,39237,sao paulo,SP
kVhloKoKyUBi,4564,mesquita,RJ
cVQupkg9NlOn,13142,jaragua do sul,SC
a0QPDR6mLJ2r,55004,guarulhos,SP
2ouCf0E0esGt,17120,canoas,RS
eBrMUX1xHpxB,6416,sao paulo,SP
Gfg87pGGLu0R,29120,palmas,TO
q4lNbZvvFSVZ,82100,rio de janeiro,RJ
zaDWqbVPUEiC,72715,belo horizonte,MG
fh2vctymMClz,83843,vila velha,ES
wl8E0mQK1vAZ,13857,franca,SP
XsXqrOTSDy8U,65935,itapolis,SP
YOoMu23yKYN8,2217,sao bernardo do campo,SP
uVi9rAaggmAo,15056,sao paulo,SP
nuT5IRZdUMK6,40391,curitiba,PR
kU5hIkyW89AP,58297,camaragibe,PE
JsXHp1sjsF19,62190,niteroi,RJ
ZEP0sSLNlhG7,73813,porto alegre,RS
2nmv17MpHG8X,6775,sao paulo,SP
bulJXtASWe08,58865,ibiraci,MG
Wk1yqAZKIfqV,4937,brasilia,DF
Cai19zymLsYJ,9614,recife,PE
L53xR8xGZaZD,3379,rio grande,RS
ssXgSH6z0g8S,17513,sao paulo,SP
xF4yIv1vDtOy,93880,porto alegre,RS
k7GtceKwNgMB,65395,brasilia,DF
tcXUcae8m1hb,94065,ipua,SP
zxnzAMXNhIRi,14808,macae,RJ
HqYjA1irgw9I,5846,sao jose dos campos,SP
tW9U60gxJmLh,30240,curitiba,PR
azn1KwgS7Rho,22745,maceio,AL
PYXyjCH66Dih,28910,jundiai,SP
aE46Plt8tnTp,23028,rio de janeiro,RJ
zShUuGgZqi1W,30622,sao jose de ribamar,MA
jg7C991skSMP,24456,sao paulo,SP
cWPuhFYrcoMU,16402,campinas,SP
PU1VFUq5ZD1q,17204,itamaraju,BA
w8KM7rimzLzM,5001,jacunda,PA
FGanMFaoir5h,81830,brasilia,DF
ddUFHoKxBDSr,98760,marilia,SP
SMDtwfA3y4Nt,28910,jundiai,SP
ujWrD7wcFDaK,12445,juiz de fora,MG
PJ6zHytlpZ1g,1501,ubatuba,SP
nZvf7lh6ZgXL,66025,rio de janeiro,RJ
I5an5Bi9p0zs,93819,louveira,SP
r5wxMlL5T0WC,51130,santo angelo,RS
chdIrEW1gLFI,90640,belo horizonte,MG
PvrJ9HhssoOE,49740,santa luzia,MG
Q6A580Fe4Ynj,49009,vargem grande paulista,SP
D2qq7gviSS4O,72312,sao jose dos pinhais,PR
aDqnJatl0pHk,9445,uberlandia,MG
P32rqPH5Gm90,89108,taubate,SP
Jj7yLJrVO56W,38400,santa maria de jetiba,ES
mJcTuJwffODP,15704,taquaritinga,SP
nhyKLSRBnj22,19060,maua,SP
8EaeSmS2YvxN,9651,rio de janeiro,RJ
dDZUY9CIsz2G,93048,brasilia,DF
teZw8tP7W6HZ,8571,divinopolis,MG
BEdsTQFE6xwi,19050,belo horizonte,MG
hR9NhaJgLDNT,36930,itajuba,MG
enGHEqxtVhSV,31814,bertioga,SP
1vfbjTJLJFSk,1154,vila velha,ES
pzPvrQVZfqag,24431,indaiatuba,SP
pChM3hWSKwCD,21535,rio bonito,RJ
kVkdQkzhnOU0,94856,sao paulo,SP
IYOdoJPQftuq,89176,vicosa,MG
vtxvFuwAP7XQ,91540,brasilia,DF
DqV4ZWYBoeIh,4202,santo andre,SP
Px8Wn8965Vqx,45994,salvador,BA
u05cF3o2Xkmx,64625,porto alegre,RS
XQUamTZ8WT8q,73350,volta redonda,RJ
ZU2owE4hOyKC,48895,ouro branco,MG
DR2O1Dbd4bg4,70722,aparecida de goiania,GO
27HvODq2YUJV,4068,rio de janeiro,RJ
g1dvfotOxlsU,77823,ribeirao preto,SP
QQjkFCXDLQbE,3441,capinopolis,MG
ArNtzhD3gBIu,18119,guarulhos,SP
dUPsGqBhTHiM,2863,pederneiras,SP
eiq3pdKBjSm2,4713,iapu,MG
UYSQp4yAQ5A4,2844,botuvera,SC
qg7oBWzLZ2j5,7903,salvador,BA
QzpFHpncT8i2,84261,teresina,PI
wws5PdGLPeP2,28910,jundiai,SP
XCXuJFBUWOCb,95030,carmo,RJ
MgRpHySePVSV,4315,braco do norte,SC
9Md5HdxhZNML,2220,itajai,SC
nfQ0Nfoi6U01,15710,santaluz,BA
8Y1C3Mo6ulcL,96843,barra mansa,RJ
O7DWeMQvC0cK,69906,rio de janeiro,RJ
ZijDYPvb3Xqg,70374,sao paulo,SP
0tZbmO0k5EQv,35894,conchal,SP
BcHXcB7Y468H,3525,cambui,MG
vvwNWxXk1okN,7153,belem,PA
uZ6gP91QMETZ,37360,americana,SP
iMt6wk5Uq0Mk,5184,mirassol d'oeste,MT
PEJ8w7KMzFFh,3652,rio de janeiro,RJ
A48s8QYDNcHA,76600,cachoeiro de itapemirim,ES
MhBnfQt6Ewev,4912,sao goncalo,RJ
Fa0ldk28zhnF,18070,sao paulo,SP
W1DGa2snBBzh,46875,campinas,SP
zfwXymSXklfg,13144,borda da mata,MG
MYko9nMRCZjW,81470,sao jose dos campos,SP
xLxy6DQjZbpl,87708,florianopolis,SC
FsSoRc4UecN5,4195,santos,SP
WALtjFIrxh01,92420,porto alegre,RS
Gw9tfUioaMoJ,38240,campinas,SP
O0VCR5Be4XDZ,3505,sao paulo,SP
S6TZiCHndiBk,83210,sao luis,MA
fukWFIQBjQ3j,95115,volta redonda,RJ
Dt3DptTDz44w,7781,pelotas,RS
uS4SoG1L181p,3907,bauru,SP
XGIEgMF1aaXl,13341,vassouras,RJ
esVIotyQKcyD,14470,sao paulo,SP
izj2S0OKq9K9,3378,limeira,SP
WYPAA7Vwc3Zb,74423,nepomuceno,MG
bcnmBuWN8iWj,15320,uberlandia,MG
9EXL2s8rJoBr,55535,rio brilhante,MS
scSWZZRJIzKA,1125,angical,BA
U8YZB1x6o6VT,28680,jacarei,SP
vU4VPQa8JfFZ,65400,cabo de santo agostinho,PE
yX6cDlpYfsHF,4634,sao paulo,SP
eN5iAIVnwNks,4315,braco do norte,SC
yrmsev9BRdFj,35190,londrina,PR
WeuKEfpXzpv1,48850,belo horizonte,MG
hibNbinsRy6q,95044,rio de janeiro,RJ
JjZj246jXBnA,77478,sao cristovao,SE
KIIhe6oRkIGk,53401,sao paulo,SP
oj1d3bwLIRcm,95588,salvador,BA
PMk4yLKKVmSU,63575,viradouro,SP
aDCxdfZC25t4,27980,sao roque,SP
xFUjTQlBxeSU,81270,araucaria,PR
iSuXxcCR30Ig,24445,rodeio,SC
IqqDsqMNRJ1l,95020,presidente prudente,SP
uSo6JWMRHPoL,13335,sao paulo,SP
346LsmvcvHOp,75530,belo horizonte,MG
Z0TNiSavtwie,93804,sao paulo,SP
FKf8t53VMfxa,25975,sao paulo,SP
SBRgoRd9pn30,27420,rio de janeiro,RJ
QtLIEF9TmJM8,85835,lagoa santa,MG
0lbntKvfGP2S,3515,colina,SP
dCTfJ3B6niei,5452,juiz de fora,MG
0a9Qt1TXtghM,81460,joao monlevade,MG
0Gal1VPBi8s7,65210,florianopolis,SC
HIqeMxneSsy7,97195,brasilia,DF
aw6cwGQpjXjG,5867,joinville,SC
egqy9rF01zeM,78711,sao jose de uba,RJ
UmPXGMVVgISd,86027,guariba,SP
ZeCLgVVnirLB,70770,salvador,BA
2X8tKh6H3BJR,7850,goiania,GO
rGVzxdGufcWY,37545,franca,SP
SK955DAvakCp,69086,niteroi,RJ
ogMF8pU4hZia,45208,belem,PA
WCvsizvmv63I,39237,sao paulo,SP
