Axfy13Hk4PIk,90K0C1fIyQUf,ZWM05J9LcBSF,223.51,84.65
v6px92oS8cLG,qejhpMGGVcsl,IjlpYfhUbRQs,170.8,23.79
Ulpf9skrhjfm,qUS5d2pEAyxJ,77p2EYxcM9MD,64.4,17.38
bwJVWupf2keN,639iGvMyv0De,jWzS0ayv9TGf,264.5,30.72
Dd0QnrMk9Cj5,1lycYGcsic2F,l1pYW6GBnPMr,779.9,30.66
VjTVGzqe8U6R,TpFZIk33uyGn,XePbD5Ocm6Yk,263.9,40.26
xNba906m4TM1,Y0T4Ca4BXK8U,ftbUjJ6Gsazg,966.9,98.76
VEDSMTavbQwk,IUykT5z5LcPW,RKad98cTxhSb,1534.9,66.9
DzNM8wrcMGFH,0UHKKyYmxWfq,K0qPVGdA91KO,779,34.86
NpJz7zF9U1ae,MJ82dNJNiV7U,2a07LobkzHUx,95.03,60.35
mHyhzcUeLGj2,wdV7yJzaz3Su,coi9xkdo66JI,135.91,48.71
StM5K4TLyrt5,V3ksL8RRt2uO,cijw7pZK3THP,37.89,72.67
Q97dFuo1kaq9,vndXhZ66Bwpl,1DpugyRBC5sk,28.82,16.92
07j6mlMhSVtx,2RxPIb6Sjlm1,V74ci3dl1Npa,222.98,31.89
kxa1InBj9gwP,DXG0TFaZjGHO,V8Stg8HdXCTe,36.89,59
P5R6jr1qZdh4,YCMS6jUWbEbe,2IxTbqKqgUdA,139.98,14.91
HqV5f8K2UYoA,CBuRjOln99hg,Wk0JznmZOo6h,83.36,6.87
j5rwgECNf14O,tfgKHMdnTKpJ,RsUgQvBvc24M,185.6,21.82
43It0OEHVyJe,l0Q038BC2u3G,5Tuxay3bG3t7,403.9,31
ddXx4T93MeaI,V84ooqHQgeH2,STj3c88kfxpu,167,20.9
NXDsEGbl1pUC,E9OiMOkPkNam,coi9xkdo66JI,318.33,27.57
MhDudBaAab78,aYw1jx6U0ZzQ,VnAPb1lEZYQ6,3.49,30.66
XupzjrovQeez,kuUbPNBMgk7o,tYbtiPwsAhmw,109.82,50.83
YTztQOHlvuBg,SESkOgF0nWnh,YVBAT3QqF9Qj,89.1,34.6
xfXLgLbCo5BC,06Zem5ml9euJ,l1pYW6GBnPMr,68,20.9
gVMP1bPDg69L,ro08JPncYzLh,r7VxefoTVHbb,509.99,21.76
9G9EHbafs7NW,lkPBqpnGNyKe,O04i82YS0uAJ,165,9.45
INolFarYfmEO,saFIRNuu8V6H,qeM9i4J3ypy2,100,6.79
LV0vJIDricq1,uicu7Mpz6xlZ,V3iKL8r9W9NR,127.77,38.66
VtQvdStc00Xd,uCnShK796Rpb,OkFthMYQJf3H,692,11.36
tOTdnjpI8Udp,tRV6VjdwdLAm,fBHtndjqwueV,295,110.14
ebR5efLCCpiq,Hwaj6cncrjwO,9fFFM6RBxCkT,186.98,17.44
YOKYMSjKRCMN,YgnBaIterOVh,FRAkUwkY4tZy,113.49,50.82
57XZHymoJ10l,SLTlrWtcYt1m,r7VxefoTVHbb,692,2.75
yUz40ih0jYGt,yZJweQSasMAW,yfNN6zuwypOw,17.6,68.69
IeZYtitws7WU,kgF2KLJ8Ao3M,3Q4DoxWsVAXa,37.84,56.27
ZPkh9QhjG7SK,8kUYWjdaVCxf,oI8R7WsNWWBc,50.21,161.82
KJL5uJuZzKxr,QzAC1fDWMbmk,ShJbjTW0ZGor,26.68,29.56
SelY2hgVvruM,R2u3pJSgF7Gr,OnC6iPAbNc8Z,59.88,37.93
0QqNX4xLriht,lSVmLWTOmgtw,rFT13UJuGo0Q,28.69,57.11
HNXQI2lmI4AR,bDhxHlkU0GeF,sdO4rR2udeZV,676.97,39.12
C21fWds5zL0W,MeFPAUcWfyAo,5Ja2lH0N2OZt,68.99,27.8
00NEIdaOTIgn,Mh5csf65CB6I,UOGIrJtSldvd,223.87,31.01
XprtHqpLEddw,hfEa3c65LTA2,0Mzbc3aACMOQ,55.83,3.45
ph9ImXx6aMjl,Pb29t2XBfP6Q,2a07LobkzHUx,176.97,35.87
x0fzGpICAZ0w,th6S1t44GAij,B025lNndXwWx,231.27,82.44
YUX432Je58GK,fUSMr8Wo77AI,l1pYW6GBnPMr,820.05,133.37
C3u0OwYQ8nuP,qI5i1mUxo5tX,EGpv4plsYpt1,3.5,2.46
UaZKqhLFwRZP,AQRgJU930yvK,TAkMUTMwlNUw,26.86,140.4
QOaNjVewOOTX,VCOwCoc0C3aj,BUqNP64b1AeL,111.27,49.55
lo8oje94TYb7,f21OMkeWX2ZC,ozjiHoSKwUks,79.49,51.91
O5bLel2qV1yT,mKDM0qdFnNNd,xbr8ZnHWrWgb,189.98,36.97
3ffaVBUrnCxy,aZ1aneUqyncU,XLxN4hdOlYco,475,50.28
8g4jF6hPD6tG,ch26pynh9FL6,AHG0TE6bRNNY,31.77,23.6
IBT786JmVIAa,eTlPil30tvIn,3cqSxyYyqpx6,188.8,22.11
Rd6Tke4v8afv,DXG0TFaZjGHO,V8Stg8HdXCTe,403.9,49.72
NnoGZNF5rNkD,htOWZMHmysDe,9OW1ODEpHxLL,125.46,13.81
gZMKyNzWXvcQ,GJ4e2xEfaCmh,oI8R7WsNWWBc,31,5.59
qcDbJ8F0FIjM,EZlH1lJVfFqj,CQsufpmy1WxU,1332.5,6.58
hyJjgFRI44lc,zTW2bowvLdj9,zyhKQqd3kGqW,129.46,6.87
EfyYNfniuxQP,VO111AOA1QIP,ElULPWS11hxk,161,47.55
0MQGlO2eQrNG,mfq8n5MEY4eP,XoReeOEjvEuw,770,67.11
zb8Qfa2K9ynp,TdryLJINHQ9O,dQCmV6mcOXGX,109.82,55.54
LLWFihCYlP6a,B2udqVNGe7sU,AHG0TE6bRNNY,148.5,27.36
PBvPGqQxwFDV,IsLB3oNMsX7k,K0qPVGdA91KO,31.99,38.26
OQHE8Ve7n811,7IfEqKdKlG9j,16pMg4KJ3hIj,87.9,47.55
Vtkwb0b4JxKg,YG7qG1MQlhjp,3t74Pe6EQyNu,206.57,29.68
4qLswBjaDZnT,nS95HUh6SK36,2a07LobkzHUx,98.62,54.64
XXzZNogGt47r,cT3PvVNqyIpQ,vmUdCiLPoz75,1122,20.79
Pp9bMvTIgPDs,hoBYqNvOyd5V,lAnSOSAjk3Uz,368.9,63.39
zh6skhlWLDTv,2oRZ0O0Cvxg1,cjilIa8d2RUG,10.6,50.43
z9Zr742C0ASe,UjLE7WsWfgrO,Fh5z5uvA4neX,218.98,6.87
AayA35wXEdbB,nvbYOXncMsv0,uhfmBPCbZg6B,139.79,47.82
kuyUMcYHFGqn,5WcLgWtO04vH,ruq0u2ZpAMDr,403.9,15.77
efc3TQanhsCE,jyqvHPkDKFDV,DHOPtCppeECW,41.1,47.55
vFUriN4pz2Bi,4BAZNq7FQZOV,oqejBC0typqo,198.5,76.76
1CVQ66HlMRUR,G16XPtJuiBOe,nOpV5DDruGvj,17.91,32.34
jJgDALmwe6f6,tfJojxEnA32p,ZsDn106jXrgr,8.8,70.17
n8p0M8Vco4SQ,5hqQbR7p5r2D,oGYw3FCx0i23,43.21,121.95
pNSYSUcXxkhB,97fSQlZJl4P8,n3xQr5wHpHRX,24.79,13.92
9AWAHq3HWS6u,mwlDII1pL31s,p7zV0UTQOu6w,184.9,52.37
DlmtCXqKjfWj,N9wgqW59QGza,vxQT8FlJeDdN,80.75,12.86
KqH0sXMHdItQ,n3QjhUa3JbkT,TJ6FVACdM0WN,509,30.66
OiIetUyiPLHG,fJOMyLSpholI,ruq0u2ZpAMDr,127.77,37.87
1pgvtCG93rNg,DMB6KqQisnZE,aeWbd3M28ShO,148.5,67.48
qJHIiWyTAizV,0vbEvli2JYJu,RKad98cTxhSb,95.03,57.81
vSug5AqRo9gE,xl7fxh09W8xU,HQ4j3Fr6B61e,310.99,63.17
cuAQQZUhTEwb,bumRSmIPLuYa,kiirS0of7bJI,513.99,46.67
yYk586LcCRYw,Hh61P9XhdxJT,zhKBSmYNDuJd,21.74,8.31
2HQ26ShSPhCA,jcZ2MOqKsGsh,60CZvBJuXsud,136.9,24.78
iWJeaLiduq7C,OEoHcaKHbdiB,SdNJoEI8fcgb,168.1,31.97
1vz8w7BjKsWC,Ggd3U51peXoq,8cMMpAAFEsxE,15.89,50.28
h8KEpd8n4gLL,etUc3o0rjL6e,qeM9i4J3ypy2,849.5,139.18
PC71lF6z451l,lFGT2p3CDtxY,luzDO2kXE6wp,49.97,38.82
TySAT9hqufKc,daiqbsoofbQ7,EZcvC15JiPPz,98.6,12.28
Y72RuFd0mZnO,dAz11YkQkoue,TuPm19CMKvrM,59.21,32.34
JQnDQBQZYwWs,KocIrz6J906g,OOPkZSte8kf6,223.51,67.53
qcXjhr3DZYmI,xj8TsBOfCz2Q,DAXcLJj7W7BQ,453.7,47.55
3SQKKPbTrStx,LEtlZnZPgiXx,3jwvL6ihC45G,24.1,32.34
IKSlI8m4cXvg,dtkkSAYxncfA,dwcf0d2KopFX,42.95,12.28
ubzoVELLkeoU,WLCpnwy0jsjj,K0qPVGdA91KO,475.6,17.03
FfjA9YfQ045p,qjquOwfUstem,ErNdnCxofJMU,145.69,61.32
pHtHYRoip8Cl,gdZxFB7RkmeM,wieAWPlzjuX4,699.9,47.55
yGQcdep9edOe,RO8Eso0VLlkB,CdW7Qr5M6GEr,274.49,29.34
O2vxSz1Ohmit,GvBzGCvvIC2D,v4i9GZGfxgTZ,679,29.06
CEHnEFl5VOdj,BuMA9g0RCLlr,TBkUw9PKrND5,78.8,20.25
JYzOn3Ha1rNQ,K9inDFpRP1Y5,nQlmkVGs3xYh,28.82,63.11
YjpdVhpi6ke5,sZPDopwjwXU1,T5TAziawiIyq,2799.65,56.27
xmCgQrZviQ4N,PNxV7rsy2fgg,73jr4z4JJLzT,509.99,17.39
DWf9VC5hYd07,XtWT6gLIlj7Q,2IxTbqKqgUdA,43.48,99.34
gMRkjz3CrUnd,Mb037GbMfoRI,V3iKL8r9W9NR,34.72,67.11
1sBsJeYdxAI1,LP9yzvAzxDXy,hmS6KkvxMbyF,399.2,38.66
6NKIoWu3AOZS,KDNXKv9s2evT,A7s2wiNKJ3HW,16.89,21.91
fQ58lYglAHz2,axLBYi1XjP6J,oI8R7WsNWWBc,50.21,5.59
0Eab4qSWCSyh,YWxNxMu4wOKG,YVBAT3QqF9Qj,13.1,19.16
RCsCygUAyk50,bdZMcl4443hh,nyvgAgymNBCt,328,161.82
POj27FIujdqj,Djdj2b2qMgNy,OnC6iPAbNc8Z,335.99,7.42
lTxzZyJHvbIZ,4VIws8ixtz0J,8cMMpAAFEsxE,144.97,47.55
PbW1A2IELHIL,63xWgMAWpCUv,evGTHuQm4wMZ,31.5,24.99
RYBegQzM81NV,5zjlm4wGGKnH,ItYhqrkUww7D,57.6,77.45
uIMjdIbbLKuf,ZXaWnDtFtm16,QfFj9NCYpfLN,31,150.8
jj4qFCWCsUSC,iqxjLw041Ngo,KERtsZxD9Phy,1298.99,30.66
JBctb1NlmsLO,77YHWauoWSee,oqejBC0typqo,27.8,31.18
V98wyh8HaJrC,u7VrCV0J3rFD,bd8RhBYu7arp,16.2,0.61
F7SlozxlB98i,i8rOWNVCU8SG,X5fhqRmuvQ9Z,579.75,48.82
M9UeVfUqd5IQ,s284eb92Zw1i,UmQttOWjmUMt,95.03,125.84
XfRzUdQ4vXDb,GrFFq2mwLHY2,vufOqLeaCfeU,38.48,32.34
KZdbnccspG6C,CdlzSJX6L7SM,V3iKL8r9W9NR,127.77,42.05
aK8BUDSAUnAJ,M6dHMMDQkzl9,pgzEZp7qYHHI,34,58.28
hdpKYesvGZeq,HsY2B64ToEjd,qc8HaReZKfQJ,54.16,38.82
5jALvFXzAkdi,8EMcxO7AFhVP,vlLUp3U56e8x,150.82,24.81
RilBPuEjhaeQ,vTrdy4RV0PS5,R7nUkxgwW9FO,114.89,132.15
Weun8cqlOfrB,Fn43rroPPaVv,JZPhFrxpqDgz,60.09,80.34
1By8LOosrvF2,IiPypLNFQJ7z,BiC0o6ItMJLl,66.96,104.16
8XJCljLJRlic,HhAtKukEU7VT,UOGIrJtSldvd,104.4,126.47
gQPaVIZUm0jj,KnGbtqqEcmat,yHsOFiqVrV1u,42.89,47.55
k2K9LcU3wvcQ,wEXYeIBMtNpz,7qJpsaaCZOk2,160.75,52.93
XQuhwBeGcadT,eJ0WKujR01gm,Cyl6PGvB25KG,56.89,7.54
LARRQkCjz5Fs,JyBhiUYADnbo,V8Stg8HdXCTe,395.6,32.34
70G4cTVwm38h,lpU3XJCPa54J,nt1w9AssyxfU,78.73,34.24
8LfYKHvDTqIN,k1G4RHt3R7Nk,K0qPVGdA91KO,1589,32.95
D2X7rxN9EsBw,hXJzBtpOKuuU,DhnYfWO3PJ5F,40.8,18.46
HOFJukOFU41j,Vb1H62ttvRIQ,9T57uT5NnFAO,123.49,17.5
uApWp6b4k8Y5,1zUdSj6NFG6K,UOGIrJtSldvd,24.79,12.86
7L8qUUgsbhXY,5OJOlHuoPBnC,l7dKfvHZDuWA,188.8,51.05
PvRgo7CeEN4f,Joe8cEWyRSL5,EqPcJSwcfSMn,42.15,46.4
aDxB5SgA7C4q,vkx2x9k5aIEp,yHsOFiqVrV1u,34,3.24
AHI2VGgmwKwA,PdQSW0L6zcA8,JewlcaWRwb2n,116.11,27.57
0gxtU32XLhDR,t3Yt7rB0Siv5,0pPOelafmUDD,349.9,2.58
NqkFWmoEkOni,6qDx55OCUjhU,uWD9LoTnGKSE,475,42.92
uT2NLXe4uIbX,Mc3HVfMW32MH,DAXcLJj7W7BQ,36.5,47.55
csNKQHT4LjSP,h2L3kgHs7Aaa,XePbD5Ocm6Yk,22.3,15.81
ff6LV2J7cd1m,dshaRMcCMDlF,IfkTaAAVww4a,97.44,10.85
2DhVqmEuKWsy,kYkawOSYkfjo,3FRwW3adXzn7,517.65,25.28
VBLoTukvL7qH,IygrTULmkPjL,3FRwW3adXzn7,2799.65,127.41
Xz9xN4y9ehaz,Y6z2ccr6ILTJ,g6AdzghqF6DD,40.5,41.85
ME2UeeIZeHQQ,CIzjmmwLZi9E,XbKPeGD7lJ5P,41.58,12.22
Y8qzXFVs2NdT,0GII09WWgwUY,Cyl6PGvB25KG,132.9,60.07
O9usX12ihwJ4,UGsLZX3s5mEt,Fh5z5uvA4neX,41.7,17.38
UnPOaR1OCnNc,W0BmO3Zth0WP,2jTASjIU2rIf,265.9,67.11
BERp5cg4oEws,m2BXGAfmaOtK,k6Ksam5fmXKf,28.82,23.17
BtFtgxewQU3o,HheG19aBYVwJ,yGbPyLPc8PmT,1899,12.28
KZQpsmctCSfS,oszo5WkcF9hR,EhsTzampIuzr,1129.34,16.36
g9qI3z1YAvNw,d0gLt5qG6suy,WPmASwhpqDlG,453.7,150.8
aMzeNC1KCVOQ,ocSuycYd5FzD,NFarHrNhIIbP,367,14.65
dZuZBawSN57o,UtRbLGZqWe6T,Hvqvzx84Y4bC,199.96,35.85
nKbHlRgVGlF3,4lnnpEh9Lojy,VJ5Szmsf2dUQ,1129.34,44.33
P09ArFA0BZRP,1Shu25hw8jmU,eOhcPgdVKUYw,399.2,47.55
XbYUfEsyagnN,G16XPtJuiBOe,nOpV5DDruGvj,17.91,32.34
mofZTSTPPWxE,qtlBf0tnYibE,vJf4Jmjx31y3,21.94,47.55
rUQbmLj5M2QE,2m67LSn6k958,AvTLykupHOIB,97.44,70.82
QFwMop3sFZ9H,gkFvRSioMfLT,zPSCpHFnSfys,126.69,20.9
hYDthrOpadOc,qAJdy2rvA6Nv,KH9VVC2iPaCb,42.89,47.55
TTBF9yOgN5EH,6iped3gcNaVR,CmIOujRnGWTM,729.99,70.34
F9i3hpJUc5HJ,vBG3fdRC0U7J,nQlmkVGs3xYh,395.6,11.33
PzBniksLzOcM,6gc28NXmxjiC,DQDmbEDffCF1,27.64,61.32
UWss0GYyCTJq,Sd2c5zg8xeYS,V5WynwQkZECV,303.45,42.76
9fJpRKgzGYmY,TznsJjXJH6cK,i4BuPduAnCgp,128.99,75.5
FyxzH1mhMBKM,aj4kbcxNEnZj,K0qPVGdA91KO,178,96.55
91fTReRt3k2s,yC8GTlBDlTbh,RKad98cTxhSb,46.2,6.87
4BKIy9ysy6d8,x3MYuCDmKXil,3vJjXqgh2x7U,1122,29.36
EztPEldn1Aha,PNlm9wyElFNa,RKad98cTxhSb,193.25,68.39
4WCFUeAivvDG,U12L66pFn1Cd,ruq0u2ZpAMDr,128.99,12.59
3VPXNauA1hA6,T02sruZBYwTh,AvTLykupHOIB,97.44,30.66
jMFLFVfabNrH,tB2oGrkUn3T5,b2InQWWq6Kwc,128.99,66.44
PhYGGGCiQHKD,nTdYWC9EsMzL,YlP5976VHgAM,145.95,12.28
RNy2CkQv9QO4,SLTlrWtcYt1m,r7VxefoTVHbb,4099.99,41.41
RAhrqqxcXgA5,GvBzGCvvIC2D,v4i9GZGfxgTZ,777,23.17
lFLPAbeUgKTV,tyfmRC7KLE75,kJEFisr2CqPX,23.1,31.04
P6bxg4N8Cw1J,frPceaQ1oVol,2a51UHcJkdrn,836.99,70.34
YykeWYFjVZYE,SGzn0iArTwMr,pgzEZp7qYHHI,517.65,47.81
dHuy4so1fO7s,9Zkcb7CHJ7oF,HPuxRyj1uNUP,517.65,38.18
bIVFvWVIw4jq,QQh3add5yA42,8cMMpAAFEsxE,97.07,13.25
tflNP98YJXRM,Y3eayqO8aOXQ,ruq0u2ZpAMDr,150.82,29.31
iThcgEagJGvM,Frot5FLjBR6q,SgeUigb5Vbiv,122.3,29.21
MnaiNSJ6870y,Q4YJxJB0FmME,nVtBfuY353m5,755.99,31.1
pvWUa3UvgInr,nleYDnRljyRR,hJJrlnX2dOy7,403.9,25.29
39TPZFziHhP2,ZahOFsDsu0qC,EfrTKO2PD11W,113.49,17.07
afDRwL1WXpA1,a4eRSJHIpAKf,AvTLykupHOIB,97.05,30.66
QBEax8koxs19,xczz8pBAGbiX,7nCOghlVSEPV,399.2,20.9
CtAfWF8UkMCP,yNiC4LvaTd1R,xeWVu6d99qTQ,164.98,54.99
V4JFkZwCu5hF,sDiRdnCZMwRY,cUn7dujqBetE,564.99,38.66
qwPG85b508Td,Hqi3PlXungqO,CJEiRDPhUtti,190.06,15.18
pLnMJMmel09E,nPKBktJfW1Fl,f9tu6ULae8aj,399.2,47.55
7PvMPzzIkey5,PwoiOjyJfSJK,ruq0u2ZpAMDr,403.9,30.24
yWHy7JXGvc0Z,EsjZXaqqL5SG,oGYw3FCx0i23,389.89,15.67
GKjyAxdPwdIc,pIsDRb4xbzyD,GwHrbZ3UqSSL,72.4,82.01
SZIajujwn1Oo,YwgHNvscHjW0,mFvZj7UmZKhl,300,34.71
KL9BlcRxTqHu,i10BtlKMkpvy,7KovPWNcMm5O,29.01,41.73
PULq31I4UKo4,JWWerUz4sUOi,TKLLXSshsm0b,269.45,46.26
Y0bGpsoT1Vhh,8IhgV2nH9kXE,HaUIinFOemaU,17.95,33.25
7LgpFGaazYyl,RIeB1nlwkWYV,TS138RFieWKn,459,21.29
88cwXsdwdeEH,S5shnnygPs0S,ZNVgXvCvMqkS,257.6,61.32
r7702612Pdfh,GntEBdL0e4AR,wHLrHzu1U5IX,170.7,9.54
JhSAOXXtYcdN,8o27iVPsjrvn,zgxmymXtWiKO,98.6,59
lq2t00ICp3Em,sZ5wMb8HMu6M,I4ffj2osK42R,257.6,34.33
6nNyBTWOOOFA,KbN9lsh9uJef,QZGYZHmzukoV,12.02,47.55
15IH5WU11wIZ,pG4lRZB6FT1o,9fFFM6RBxCkT,18.38,18.88
ouRLjr6NSysJ,6kzsO3fAg0UT,2jTASjIU2rIf,75.25,12
yDLykPwUGtqM,Ffe8gTdmyO3U,4cJY064rRFhL,107.63,31.94
GHfebQ8QpH8l,uXqtt8FPcOSE,FhUPbC0FEzRW,155.4,11.84
7XvMI5cx5mU0,PWl2yBtu82h0,TuPm19CMKvrM,117.56,61.32
XDE3dFQJPztt,P7YmM1JrfxgO,eV7Woul7454D,149.91,39.61
dix4hRLqxcfL,MnU1humwDAEV,ruq0u2ZpAMDr,142.14,19.02
4W3f1ahNdmTs,ij9mTh09IZhj,2a07LobkzHUx,86.4,16.78
xljf54RoX9JP,IxSYqX7LMxEm,XPkCncVxF7So,132.7,94.09
2rs8IUIAS4rL,TKNiFZxm7gs7,yGbPyLPc8PmT,113.49,40.15
B8V4EaW2eSh0,fXpxCuz3DlnE,COsMF55fuZCX,68.9,33.22
FwheKtHhpBN2,VrCYTXjnNAL1,ftbUjJ6Gsazg,95.03,39.84
tPTCcbVjRfc3,VBy6T8nuWyMy,tjn9TXOjEGlU,419.9,6.87
TGt9bWN79Nqz,KOdBiBN6BdOW,xbr8ZnHWrWgb,98.9,45.85
qJjvfYu6Y4fm,B8QmdTHBBm2r,ARNPJQjYTDDb,509.99,55.54
JT0oXIkh4Gzh,JXxZvMEQwVdy,ww2Z1B2PFAzV,475,47.55
yr2H21aRoD3h,GKdOuHdQrcS9,2cg7E5j1pzxq,453.7,17.38
3kStl9hl8CfT,pZaSE0Kq83mh,2a07LobkzHUx,174.47,21.69
HG9ftAgQxhF4,fF0aIgV1Szz2,cdFuckm1t0Np,1375,49.54
sm0ZEnWNt7qQ,Dpy0ivGUIZbf,A7s2wiNKJ3HW,49.13,70.82
KuKfiKKJLTwK,mLW3e88htVUA,RahwCaIfXjEq,18.04,38.35
0JDo7VjW8fwo,W11EKjDhLU8S,A7s2wiNKJ3HW,889.99,23.6
07amSeyheu9N,oUaq0Emczjrp,AHG0TE6bRNNY,5.99,78.84
0HR2Bu3Sp4gp,ilTOySUJeryQ,i2VPd2aaDnzs,18.04,45.95
3BfkNOSXE9fK,cPxHctjb1mwb,luzDO2kXE6wp,113.49,76.73
5WmmehR17vqk,MCpcB88Db8FO,RKad98cTxhSb,311.95,68.99
GRirh1b2z6Y3,VyvqSoUrvQ46,EqPcJSwcfSMn,57.6,64.55
67qinzyPqskj,5p34yHlx2OtC,UOGIrJtSldvd,518.18,38.63
SSIHiYAn9TpY,hqX5zybakKuo,UCE3Mf4XAd26,63.6,17.44
r6X1vpADLMvm,rpc533nr2KMl,4Qi71ZsjOJIX,125.46,37.68
FEIP98BAAYWW,SGGufQjkuu50,K0qPVGdA91KO,1589,32.34
qlbb5qUbmXnJ,d77sYHwrvNb6,csm5h2FrAugl,42.8,83.91
7ERc3mX6MCjK,MaltNz8KU4y1,ruq0u2ZpAMDr,538.9,178.33
Qnw2wAOmQylg,jkF9uiOYSJQv,cUn7dujqBetE,358.99,75.84
vU3xyuXEj2Ba,HClWJt2zIHqw,taFg55N5hMKg,538.9,27.26
Bie3bBbWriRw,plejCSAfHfj4,0LjmES9V5fHW,46.2,110.14
XQYgG1JMLACG,8EMcxO7AFhVP,vlLUp3U56e8x,150.82,42.38
qZUh5hge1625,uhU6v99z0kXK,4YvZWfI3A03T,887,25.85
hlpMgRkYTHdL,4tXRIqqJAw5t,rTKC7c3Tt984,26.77,12.64
KwUxouAIwmnW,ILJ1czl5oREZ,xaLgBgfNFMTD,107.63,26.02
Fl1jNEVLIouI,UpBx9hw8qVhN,yJ785hbwK2Jx,159.99,53.39
CbQkhuNUU3S3,8lFcvo9C9wbB,YlP5976VHgAM,820,61.32
tVdaOadCApSM,fdKNYBPuPnsg,luzDO2kXE6wp,355.9,42.75
G07cmuGKW2nd,hGtmCHbSVQ4G,78sV6I5nExj0,128.99,59.45
2Tdr9eDhdtIu,p8szMBFqPyIE,CutJkKSkib8L,42.89,17.52
p6iWM5qft7BH,0Rv9bIApkexA,3cqSxyYyqpx6,2498,37.8
oJ1LprF3qOBG,bpqNyuI195P5,5IpSxnKVJPkj,145.69,47.55
ZJ852hQOuseH,CsjdvHqLmAxc,JcRdnPnWEDp7,144.94,6.15
iHnDLespPUlT,ua99TuLWOUSc,nGUM92Z4IKz7,10.16,28.28
9LyEELGHWgoP,9d6vkyKPUKTm,ENekhljjhevR,692,46.76
y8qmpWJzBTA5,dAz11YkQkoue,TuPm19CMKvrM,167,47.55
MsJrJ9vfOmvF,mVm1INynZf3d,nKBsxjDoWKEM,89.91,6.87
ItgUvaUVS9ws,CpeCg2UGCL6P,AvTLykupHOIB,2600,2.46
2YWdoyxm7ge9,3hr001otfd42,5FAQ2DFjXxv9,100,37.9
JDsexkka1RtD,oGoQE6pH8wMX,pifcdMtycken,75.9,6.87
Hoy9CyALWGZJ,lk149m5QGyX9,ThIpLZLmtOK2,299.99,72.16
i3YWWZIz8fk7,BGJSKvvLAPkO,56DLys9ECuwq,45.83,47.55
RM4M9i8Yn5x4,qlb3txU8IQ7W,2a07LobkzHUx,849.5,27.62
1oVrUY75oStu,H9bNMpRahUKq,tNJnfkCxzhmN,215.5,20.26
YuEmUNymzcGv,GkKwbXbTsUcZ,j6ZQXHPSPppN,509.99,17.44
kF1ka6uV5YnM,KIYt8ODpiQyI,TBkUw9PKrND5,75.6,31.03
jkbVqP4aWneg,y2j8hYmi4AVK,9fFFM6RBxCkT,404.88,27.45
dxOwaxOE1nT0,n7Cpn4dSlDZn,6SEfGu8XEXxz,171.9,39.95
qwLvLVlwqlcq,tEjoHkDlwfgW,XePbD5Ocm6Yk,2139.99,3.49
ulZ0mI7peyf7,9RgMq5eVloUQ,YVBAT3QqF9Qj,319.29,15.14
lUA0GIMIbFvS,1gi8qMFFJtiv,LLty41IbV7xo,8.43,54.17
b2u1yVa2LdNK,Rtm1uWckrdIP,I1tzIpbuBorJ,239.8,86.61
na3M0MEGCGf8,C0ZV4wrnC7a9,A7s2wiNKJ3HW,264.29,25.29
vbRiAK2RZdlx,8EMcxO7AFhVP,P2nCHWuo0HC0,454,237.84
QHnQzNJRBS8w,BFpdkwndpvo8,RKad98cTxhSb,849.5,14.72
ZHsymoudGwgy,Rr4bjc79Exdc,ZdLx9hwnjpgD,75.5,26.88
7PK4NRV2nhjw,ii8N1s7yzFym,lTpUZrtW5FYQ,148.5,15.64
Ss9iY5xxCC5S,4VIws8ixtz0J,8cMMpAAFEsxE,144.97,23.57
FhbdaS77ToDk,p9owG1LeMQyo,8nCo4Zb12mDs,48.65,40.27
ZgJAIFrZP7wi,wdV7yJzaz3Su,coi9xkdo66JI,22.3,36.96
DYDQgIcAmOCk,V538EPE0kKPC,yHsOFiqVrV1u,37.84,54.82
zhV4YwJcMaf6,DXG0TFaZjGHO,V8Stg8HdXCTe,403.9,21.98
KWuqSsip5IPL,Biwi1BNtUB7l,r7VxefoTVHbb,509.99,6.15
u6wIOFvJPMJx,diXfR20Ry7N3,bl8PTwqK0kvN,42.89,15.67
wILgQcnuMP8h,xd1uzxed845G,EGW4UK5bOeEZ,41.58,38.7
cHueggO8i50e,DwqOXp6wWYBc,zpQceiYC8hxu,599.39,20.9
gwGItwZIp6b9,Cjq4di8arIUK,P2nCHWuo0HC0,28.6,23.07
52dDBTqijGgS,i3RR3rlzZnM1,KJSPZgE59agU,172.13,70.56
QfmncxTUYMeM,vMNkrbsMMk0s,vxQT8FlJeDdN,623,30.66
t4Bk5mYUoL8U,9SSBohAQrOts,eVS6MuExSoto,72.4,26.14
RAwGupGDXwd5,gero47msJAuH,T5TAziawiIyq,12.35,13.58
YTg0u33hKRJZ,cRgyR7JbPIOp,2Vzr14MB7bRD,692,34.79
4lSWIJZYPkdj,EG4wDSpFyTth,TuPm19CMKvrM,58.1,321.46
XVYh21794I2q,h0c562VfTzH1,9fFFM6RBxCkT,45.83,33.9
T02ERQXo0cHk,m9lIuV6TOthi,ItYhqrkUww7D,72.48,26.02
MoHhpMorkOQe,Ycoiqp2LnndQ,WTbhLip6Y9IF,71.8,36.77
xvCjkl7oHF4p,Gvk6GWtgVh4r,NPzG9GmZi6FT,91.33,110.61
NbPquApcLFZJ,T4RytrhXe0AL,Ien7ENq4obAW,23.1,56.09
bOw1sP6xIXEv,THGXRZufUKBc,jr5h8sSfCvnb,153.4,26.26
V5N9aEmfprUb,cyCC0fkLmcqw,QwTHQ3NRUJGs,257.42,14.25
xhdUS3Lb7QvK,GvBzGCvvIC2D,v4i9GZGfxgTZ,777,23.17
uleJoXLnjRWP,YNIpoyuyWPht,SCwRXazloJwH,339,33.03
AcBnJUivl9Dg,CiqlffKEv9bE,YYXMiqTJbeNf,362.45,55.41
ATdWeoeua8ai,24AgwBMFEDBG,kCGmKvmZymjH,78.73,5.14
joyYy74OGHWZ,3FAOpWw8lQRG,mfE47TAJF4NL,48.65,43.34
aqM0Dr00Ru7e,y2MAnns4G96G,7OKhjPME8ZK3,329.93,45.05
su9qtpmYRRZ4,Al1GHLV4kkHl,r9PPtLpzZVdj,35.35,5.22
QQkl6VprDdPC,5VAqP83HaX5S,XLxN4hdOlYco,167,49.55
70MKHgNqgYMn,11o3x3quwlxA,Q9BvUkqlp6Vc,124.89,86.69
NwV6qaWsqsqx,TAlgqaCYmIfH,NFUo7mzHc8co,36.2,16.39
Yg64phKM9oJa,kqxklO6gqERR,RKad98cTxhSb,213,42.05
4T5ho4MRp4mJ,MUrEW9uOnc0R,Hvqvzx84Y4bC,2799.65,14.54
I4h2Vl1Vy4vZ,cjZ4OtQAYbu8,VyDYXaRCd51S,87.99,25.87
gnVDCx1e4YD7,FNKIqU40hVPa,q1Q2n7nr6h9B,107.63,26.02
DtKD3sdpBpwJ,6zUARqcDy3iI,fBHtndjqwueV,318.33,33.9
ZN7DWjWqWQND,GEteoECKnq9S,5Ja2lH0N2OZt,28.7,49.72
6VKTocEU4N5n,cajdwKq3aeGD,UCE3Mf4XAd26,79.05,31.53
eVdINTRc6DTs,6cDVtksZH7KU,f9tu6ULae8aj,29.4,47.55
1pVYIkz0eQfb,ffBrVvV1xRMY,R4J11JRqtn5M,319.29,3.84
NDgEVmGllteq,UgkSjxoiV9Ev,UOGIrJtSldvd,56.89,50.83
CjC2wYcYXNMR,X9sl5gbsIDb6,RKad98cTxhSb,100,67.07
IKNPNRlaS4PH,QfIlk7LWi2Lx,eAcHTmATevNi,204.99,51.33
gxecAzqugRRh,8Jj1iuFC4uzV,Dq9vmUTxeFxh,399.2,87.83
uzwPcONTw6nT,veULCrfJEcMn,fUYjegBdHGtn,887,41.73
BP5PB2Da0Fhi,p4OJVkjqLIYy,quRHu0B8Aaes,56.89,7.56
3wKSoQagZseT,YK9vqq5pdJfX,JuuJEhRiu7Rk,150.9,62.81
8eWU8keN9FXT,IzIflSQvLmzI,V0koygjO8uRW,261,25.4
obepRrkmejN1,Gb2HIDesY0ab,ENekhljjhevR,95.03,56.65
M7QS4SdwfiNR,AbOCavZAHlDU,INwQcGqoPZrs,105,193.78
qcxJY5K5rPBi,iLdb3g2peSd6,AHG0TE6bRNNY,339,72.87
zBGSaqk6atNi,ipYJ5d8d5OHW,16pMg4KJ3hIj,290.47,45.82
ogN2rxuWpNCK,8J8YIZXGpQkN,DhnYfWO3PJ5F,40.8,62.73
SU37F2XoUDJm,XVIu4wrydalt,KMUPLmVqQPcw,142.14,65.56
2O4VRzPhg02a,ssZQDTdv1ISb,Zj36u9uWzYUi,13.7,51.78
zMDPbvlnXGPI,sqPeHmTzzTXv,Ko3LWNo5BK3H,820.05,23.71
SkDe2m1n0yog,GwAtwuLm3m5l,AvTLykupHOIB,115.52,8
yFIPmG5Qso5x,71NSrL41eqam,I1tzIpbuBorJ,389.89,33.03
PM660Hvl5ltN,1Shu25hw8jmU,eOhcPgdVKUYw,266.55,61.32
GeOcwJMHVigj,yRrKrWyMF6HD,SgeUigb5Vbiv,45.9,9.84
jYQul2d9y89V,Clpt9JGtOL7P,YVBAT3QqF9Qj,13.1,46.26
mQr7ud7RxjFh,UCaDMBHd1vuf,v7C619QzbXVy,109.6,110.14
IISLmGs2JnDH,ICb4opztefdl,WG2pVERAEzeW,261,36.07
7fplap09K9uW,w47Os1mXLhR7,80PfrXwjDKzL,51.2,104.94
TOB9XNU1gV1f,bIEg5jBI5qCt,EGW4UK5bOeEZ,231.27,4.67
69R4LtM3Dkwy,4mMPfzYGac14,YlP5976VHgAM,109.6,32.34
uRWFD2jisRYY,GvBzGCvvIC2D,v4i9GZGfxgTZ,679,38.82
2bWGX09hpCzq,K35ErlmYxmP3,5FvGdji6skxT,820,12.28
w2wruPCem5Jb,Kxzm6htBni1h,Fh5z5uvA4neX,161.62,22.18
SCbGP1HdX6RG,LqNug3U6tUf0,5YpZRhwM0e0V,156.25,50.88
dm1S9vmqr74a,o1t7qs5Pvp0r,8cMMpAAFEsxE,145.69,32.34
4EczELWhsgzG,9NwzO0Pm0fDM,r7VxefoTVHbb,4099.99,64.09
oKFxBuViwhe7,5ppYQQO7KZYt,rFT13UJuGo0Q,98.79,54.8
3T9PiPDcq3cK,AwMrMN70PjWi,XetaGofaJgVq,102.48,29.72
OFGFuIiesVzM,MrDnVpqFoLqT,oMXaIym2crTL,417.9,120.96
fYRfJWDPpozD,mUzVm5ukrxKM,HQ4j3Fr6B61e,120.38,42.85
dRXwZhgcISmk,1XrebgSC6x8K,cdFuckm1t0Np,217.32,49.57
g3HasEpzawM0,p7NpuOoJ7D0U,Q2NwKBfUdtHW,0.85,8.43
YFisdGiOJ3Os,CDuJDwStnGwQ,2jTASjIU2rIf,75.25,45.83
gVMHJHnYDmla,PWl2yBtu82h0,TuPm19CMKvrM,117.56,61.32
Hl9PAWXsdmPU,EJC58vmKh0JZ,2IxTbqKqgUdA,125.46,37.68
8EmYv2JrQoVM,9NwzO0Pm0fDM,r7VxefoTVHbb,692,46.76
ECV62MnnmTLX,9NwzO0Pm0fDM,r7VxefoTVHbb,509.99,17.44
4NRNwKsOveDT,ad8n5dIJySPi,16pMg4KJ3hIj,346.99,18.08
WLTmxfRLxDdY,DuOTQpA1e2b4,4YvZWfI3A03T,93.9,42.85
yfKNH3zw6uaS,gbZKFYX43Vp2,751gJhUx3od1,89.21,38.66
Dp4K8yh2l2kZ,ePkdyik8Yarq,Z5HZLMEMP8tD,406.05,47.94
aMOKAbOn7YS7,rSIbOvXw0Cpk,dSEHH0pKrdMJ,849.5,35.19
ANKr9b0fQOG1,DXG0TFaZjGHO,V8Stg8HdXCTe,403.9,47.55
ucFzWwW4Vl7H,ilsWDSWmR8dX,0HbVEHMspxA1,109.82,29.05
iz8xwkPzbsgV,xl7fxh09W8xU,HQ4j3Fr6B61e,310.99,5.01
Kc54kqG0Wpw8,ZWc6ka4ieCQO,ESs66EAdIPaF,692,9.81
cgMyKDbuomMt,Kng7s6klzhxE,coi9xkdo66JI,517.65,25.28
FkANVps9FhLR,NDXr9BpDHzF7,EGW4UK5bOeEZ,58.1,0.21
7Y0OW6ELHx3i,RVYXL9B514r5,9fFFM6RBxCkT,387,51.45
HlW2kBbHE67m,sNLeq710SzBt,auOjPE1U7wEB,2799.65,110.61
D1OV1U2a3Dd9,SESkOgF0nWnh,YVBAT3QqF9Qj,89.1,36.32
ZNBlTjWkNiMH,5EFBA7VYOItK,mmCZV9eruyuF,367.9,116.88
gHGTiMNfZcmq,IkgGn9HxKC7r,TuPm19CMKvrM,114.89,12
Dy69GWcqgkqf,cknJxv19AtA0,vufOqLeaCfeU,314.8,66.81
QwSOLcN5DDBN,rouH1tejy3SO,UOGIrJtSldvd,206.57,21.06
rlc5qsr3lw0i,Ffe8gTdmyO3U,4cJY064rRFhL,107.63,31.24
1bZN4leiyzZ4,UgkSjxoiV9Ev,UOGIrJtSldvd,56.89,28.61
DUCbyz8Y4PXF,hLYCVUs0gvdF,AvTLykupHOIB,124.89,53.12
vPxoToV6CRId,TVqNHUbZ8q20,kiirS0of7bJI,176.99,37.16
NTazQkCK4mha,uYZs9sSZLjJQ,f9tu6ULae8aj,206,5.59
TjF3h3fwXHmp,HhAtKukEU7VT,UOGIrJtSldvd,104.4,32.88
EqBP17oa5BoZ,3B3FUMowpX3E,pxyYUYfBOHRj,84.55,35.24
KPHhhqVaXYdi,RZW9SelPr7Vv,O4l9RWEDJzQi,155.4,92.03
gJgR2JBSDnis,xdwAamTOt3Ba,ourm5UIVbP1x,70.23,110.14
331m4OTrDpnd,3yk93DQoQpk3,pmgltuNur5us,18.04,10.83
9hcMqNyHVfL9,hvWKcEV124VX,A7s2wiNKJ3HW,487.99,20.51
Es4nrInds5z1,woP5cZBmcBcI,yWBcmXHhf5dK,29.87,9.23
nwjBTosPuevD,cBzyfbJ9o2Ly,DaJwquLc9yW8,150.82,8.85
jarjuWpL85e5,qilDjbibfweR,yGbPyLPc8PmT,101.75,29.76
YktohNPMpWQU,bJlrTdzo7s1f,vjJ7Vc2lwVIM,95.17,36.16
lajv1hDHncw5,GvBzGCvvIC2D,v4i9GZGfxgTZ,679,14.55
cchlhN4a6RjF,MXIDpBL8zOVA,XiLZgWSbLbMn,26.18,72.64
UmAkM11j0kiw,Tu1BFgu9GnLO,ip9eVh4ecstS,459,31.07
kRiuUpaRSRej,WVIqmO1Zpio7,ROU21YoHXFiH,69.86,92.24
LSUcOPGdyZYA,eESFuzoBJg5E,7JtHJ8kiNtes,153.4,21.98
XGCdHW22bmYg,V2XI2qJlQyVA,RlOHlMxGbwXj,37.84,39.29
7ggBH9rrPWbp,PaQRmMWcVBvM,c9lDHwa1ASLS,692,57.3
lFU2gz4lUKB7,vZUdZ9QVR7iX,tNJnfkCxzhmN,548.35,6.87
r3hALQT93EsB,GA7VKY55Ve1s,9IoQ4CUO45Pc,1514,132.62
DliowlQV2yV8,Y3eayqO8aOXQ,ruq0u2ZpAMDr,150.82,54.04
VGnTuPH9ikhV,0vbEvli2JYJu,RKad98cTxhSb,493.9,86.73
BEzrXmUJ6jSb,Qf3jXDCJPvkJ,HaUIinFOemaU,68.1,33.24
AJotPdRaKwyY,IAwyJkryRk4R,tNJnfkCxzhmN,89.21,50.28
6EBIqp1t8jl5,04VarFqFDG4N,CdW7Qr5M6GEr,46.2,15
uLmOgKmOLOZ9,vj1Q9kGjOug5,y58cZren4xNt,879.99,72.16
Nfrsb5Agsaby,xhOdqDhuh9C3,YVBAT3QqF9Qj,27.64,33.9
8MaujlQxejKT,ERHVaJoeGFkF,SixfIXbZXuJK,849.98,61.32
0wKwjdY1z51U,PkSSEEVEqflZ,Wk0JznmZOo6h,116.11,32.34
8IWGm9dmvitQ,GVFABs8jv3Op,5Ja2lH0N2OZt,114.9,27.78
Uvm3eqrT5PNd,eusdPgZ9vfNN,73jr4z4JJLzT,509.99,49.72
JEVjyOfz3vRF,C5mBfEmBowsz,GitjiMgsR0ch,966.9,92.01
aCYHSPFKCaJ5,CpPR0u9UXipe,tfg2xilCAaac,149.9,15.71
iU5dRkT0UbRu,E2GmxGWbzEND,UCE3Mf4XAd26,708,38.61
JIjVStAX1OqF,8EMcxO7AFhVP,vlLUp3U56e8x,150.82,27.56
y0i7sJkjdEnZ,KWxRrLF3hWjp,L9QSOaClO6gU,112.33,30.66
JTeAJcOZLKTU,p189n8MsUQag,EGW4UK5bOeEZ,40.8,48.1
lle7tPix4LOq,ZERA6htQikNZ,qI9UblMbsm1o,159.77,145.31
URhgir8jvpA7,cKboTGrWp54z,OfafuCsnlLjb,509.99,56.8
sNzXLjJHimxW,FBEbDE6iSj8Z,lbmduirZT5rh,69,38.19
ZDuilm8eBY8K,xUOtXet8knB9,WC3AzGT7OMa6,2399,4.09
AQvbQzBW9VJT,swA5UXSnK1rs,LSyj0QCn90kY,33.41,0.07
RQIsWBWnB9m5,Ffe8gTdmyO3U,4cJY064rRFhL,107.63,31.94
dq03LBuhzhir,tM47X5ddUK0O,xzmMhXxNkqJ3,419.9,20.9
C8hRwTzyYNIc,pTzXgfNgSpW7,KH9VVC2iPaCb,142.2,21.98
yXSLbq8jJNLB,UGODVHG54iV2,bI5cDrYjs9Qa,749.99,2.63
geEz6xDLz5yY,jsE2P6T5PdVN,BWVUZmCNTZ8B,50.4,148.71
C2sEixmhn3Bk,SrfaFCawoWPe,VbREMx1xh7Eb,568.45,7.61
AICU9CQf9zNO,Qf3jXDCJPvkJ,HaUIinFOemaU,154,134.17
MxHsuryS8LDA,YXLgnSbcUlKN,yGbPyLPc8PmT,106.74,35.88
LB95k1HA7Zcz,AzF5SLbUbKWt,V3iKL8r9W9NR,34.72,110.14
uwY1Cm3kWeg9,e8ZqaQoymPcf,DhnYfWO3PJ5F,495.95,59.31
FDCy2o1xPwo3,c6DXFRSnX6ho,bd8RhBYu7arp,564.99,32.95
8G2Uai1drYy5,HVb0WK2Cg43g,iheur3GszbRN,1359.9,42.02
DgvTsaRmVUTl,dw3iuqdKzB2C,hfLlIKeob5fC,116.11,2.46
63ky5p0OERua,66FfkbqT7EaT,QVo9EUjjuncJ,33.41,48.84
701sy0G7mOQ4,nRCGSNEb4RUm,0HbVEHMspxA1,137.88,12.63
zc2WqkEwtq8S,t04zRrtBcmWM,EGW4UK5bOeEZ,31.95,1.43
PUH8liKD2nMy,JILBeNEN25Sg,1JinMoPQlbPb,28.96,7.65
3cjwQmNcyEID,B6iPUeo0Hmep,yHsOFiqVrV1u,820.05,30.46
lLBlCuLkfwDu,o0wzlENKuuPY,OfafuCsnlLjb,509.99,38.66
yVw8kpKnf4bl,efmiIxk5GW9E,ruq0u2ZpAMDr,188.8,31.47
alOioG9itvvW,vaQjTEBWaASb,yxfgQLIrpHFD,106.74,133.15
glzxn5Tdk8dr,UDxk0BKLGdWP,Nt5IHN1ykkhc,509.99,39.68
1MkWBKhNk2G2,n0I7r2n61EVM,nKBsxjDoWKEM,94.68,34.33
wdcmll8A2yGF,AMKIgKd1s17B,TuPm19CMKvrM,72.4,21.28
xdijSPsTAPql,KKOfV8j7dYHx,ARNPJQjYTDDb,395.6,38.63
NbQV5WtslDAS,0soM9tOoCXa3,2jTASjIU2rIf,127.77,20.51
ITKgY0urYeu7,gZdw4XlyMmXn,XoReeOEjvEuw,79,7.52
8ULwfJfKC6XD,FOdgABJRGXrS,XLxN4hdOlYco,820,32.34
AiP8lT0mFF7y,8czc6uIc81lJ,BaK7FcpwSSsf,87.99,47.55
lqrQCkYg3Y3o,tIPO7bHrwS7c,dQCmV6mcOXGX,509.99,17.44
CA4yQTJD2eiB,aQSj5wMRLJyB,i2VPd2aaDnzs,142.14,42.82
UkX9eB4Ysi2J,mUzVm5ukrxKM,HQ4j3Fr6B61e,120.38,3
HuQIRVYlkITN,9p1qIJDPo06E,lnvB1XSo3zwf,34.96,20.9
5AsEcT7IYeA3,T0Agezy7GbkA,CutJkKSkib8L,639,38.63
Q7ASsRpNrBxk,HcxzVO7t4pPL,jSOhwPWVF2Xx,36.5,20.9
Dycnfztussic,hfEa3c65LTA2,0Mzbc3aACMOQ,60.09,28.53
sOiwCjCP0BHJ,GqH7DZZi37vM,C6WhdSZuLC8r,509.99,92.95
ZcNIUEIyKw56,X9sl5gbsIDb6,RKad98cTxhSb,493.9,12.91
w8aXNo679Adb,ptNrqD6lH94n,uEFXsCQR7sKo,403.9,47.55
0YFgarYz9KnD,cNIQyQD7lRhk,5FvGdji6skxT,820,177.98
GS7TlrcV9EiI,fcdGCqtOAdKv,vdQsCEgrH1Nk,127.77,13.18
tbLoJTFmN51K,1Ds2HvWxpkv9,tjn9TXOjEGlU,7.59,79.43
41ESOI7q77l3,C4MNIZebz8wg,5Ja2lH0N2OZt,23.1,37.91
oCxakpgwrvu5,MJd5ysuJ9wF1,TuPm19CMKvrM,114.89,33.48
FylcoNawsxyy,6wkAkiVNcu3J,j6ZQXHPSPppN,128.99,86.98
uCLVoajqUFe1,XGtPb2KqluuP,CPpkJogBZQDx,2899,31.8
OLLjAyjGntvG,drQODUvqXLjk,EhGbqP9YcXAn,3.5,41.29
KJxxYx3EGV4B,XQnvUd50SsJQ,KMUPLmVqQPcw,188.8,72.89
mFXys1P5pvQ5,d4lgTZMuo2nN,QEcBxg0tQry2,294.9,6.87
vXElUhy375Ae,nly1WtjMl4ys,g6AdzghqF6DD,676.97,75.81
xmcXAV3y0bzJ,POPbNW5r1Jpy,EsvBil6864Oa,124.89,6.44
Ku21hqzA50fH,AtmJCgT56oDj,qc8HaReZKfQJ,564.99,29.79
x9dwFj4vKMRU,P22k6cGQeLxP,8rHUnSQeQcMj,142.14,5.93
XLeQfRSnRNga,FCc6TWUWdrfn,7JtHJ8kiNtes,72.4,67.04
Mqoc2kiYI3XM,9Ra9OvTGUkvh,dikNaTlK8yGG,122.3,92.58
vqh6eg0BksBs,dAjuzl4lEzYf,ARNPJQjYTDDb,1122,75.07
9D8fitQjsM9C,DoFhfOL2EWsA,r7VxefoTVHbb,849.5,47.14
xMn70jAErNfN,uAoOMo22UMav,IWOf3FsBgQtM,145.69,55.54
D9mE5Q90Nf0c,2KLdCRC3moTd,ruq0u2ZpAMDr,18.42,47.61
DsABekzFQyU4,Pb7eGiBIFKMI,RKad98cTxhSb,267.99,40.49
dTAum02ChYzP,yTmuTsD3E8nb,QQPx7QOUBZvB,49.38,14.62
OM78YcahNs15,0XyYmaoLSH4j,8Wa4TXXm4Hcx,529.9,95.31
v6e0KeIp6TR0,Rtm1uWckrdIP,I1tzIpbuBorJ,239.8,76.73
xyZOTBOGYS1h,897kVCNGEJYm,ux1d7N0zioFv,319.29,67.12
rfB6JCOObUDp,R2u3pJSgF7Gr,OnC6iPAbNc8Z,59.88,47.55
HWqnn5IXITK4,sW6tMAHux6f6,yGbPyLPc8PmT,106.74,35.88
QsnXzn81euhJ,anvtFHva439b,T7OJcZtdnwO5,150.82,65.05
exOQg7m3Sv9n,XC70BhUAAkLt,1b6QwEUEjB7M,31.9,8.78
RJT4YsFAk3ci,0Kwvf0nc6vy2,RrhUJPd2xCYy,52.82,29.68
Ov4oeDoDBLDi,h6DZ76JHcZ0o,4rtH6c1PSmrF,28.82,58.63
5L43IjiSehHQ,uhvQEAoGtiSX,KbKfjMfPEhfC,283.2,14.83
bCnfj6xHCFOx,L5R4lad8hEHC,7KovPWNcMm5O,38.94,55.51
6umanlRafhLf,JbHjUrduq7BQ,cFovkr5GFkYK,134.57,17.38
cENYAJaIHNla,cip2jHhMY4pc,bl8PTwqK0kvN,849.5,93.52
cou5BOfG0Qsq,pSVuuWCLxyvY,p2pT0lF4oGjD,54.95,6.87
gkaWP7jDVzBF,dInklYZ5HXma,XLxN4hdOlYco,153.75,34.33
BCY4SRQsss8K,8Tlb7Xc9LP3L,I1tzIpbuBorJ,118.89,37.07
7xlSrnNUzJ7d,YABc5Ij49wi1,2a07LobkzHUx,48.65,58.88
R6ygz8evEigC,YWxNxMu4wOKG,YVBAT3QqF9Qj,13.1,47.55
ksrTAYeFnsV1,DQeMbUZYQfYz,regXXvWjzQLh,548,83.6
pOql8iFBh4Iw,x76dlq1kplBh,oAZOntQn2tEJ,49.38,40.98
FIaJsapwoV1R,wQAj5Nm58m17,YYXMiqTJbeNf,26.3,30.6
Vur5MhhCt0x1,FJPMZFdKAowc,YVBAT3QqF9Qj,389.89,33.9
sVWyv0xiWehd,f6w7qAiaZUNv,h5jBMl1c5nuX,153.75,47.55
p3rNQye3irvJ,ro08JPncYzLh,r7VxefoTVHbb,2899,24.97
ym7urKvj9pte,ljxT8gh1Xcw4,MrnDWxZVVLrO,67.97,16.32
1qhHdCUhXB8J,pKxOnQZkDwOQ,WJRLMLfPKbsX,692,18.93
FH9eB1V2z40G,opWoTU2BWbGr,RlOHlMxGbwXj,125.46,18.27
9HXMZnutBe9j,MQ2y03vEkluo,B6xdvm9ZtKUi,328,20.9
eu4dd2aRYj3o,1JgqZUMnHeh7,EmVwqW8hWMQ7,47.02,35.38
bOKzcUZD83Dq,axLBYi1XjP6J,oI8R7WsNWWBc,50.21,161.82
f0NtxnekM0Md,lctzzYPrOOYX,HQ4j3Fr6B61e,60.09,44.4
fbxwlTI9qHcB,vc0h8nhLMhjR,fZpDF3uClkkx,133.05,47.5
VTzLEGJjpqPL,gUsB6MIYvqzB,3FRwW3adXzn7,131.1,38.98
fjJY9zCsuFDi,m0Lw8m6joRAS,AvTLykupHOIB,127.77,30.66
cDMJrGrrOoYt,Fbfxc3sxlDky,83mxmvg5Z1d6,17.89,12.28
u2LLRVu0NJ5j,Y4LOuaOSwPzM,AYTvmj7w9EFz,128.99,9.84
khb18hvvVBQJ,Hmcijnur9oOg,DLzETaZuC9wr,93.02,34.79
XIxJ9bWwBB9H,LqemLFXtsUMx,hvsAdyG9JEKS,207.9,29.34
QV7X4FVpuyAr,VFKqopsYepY6,4CUYuEcsAfEP,26.91,24.97
r2pGiTPyVUb8,Pb29t2XBfP6Q,2a07LobkzHUx,176.97,105.84
019iNT2eSEYM,mqrnNPLgsDKO,4SRv5bbOf4fh,95.03,56.65
qg4W0HLyulXG,KoRGSXOt2wEV,TYjqftf9KoLM,32.8,20.77
fmlplnDdZ8Oz,sZPDopwjwXU1,T5TAziawiIyq,142.9,72.15
2ey2s9qe4Wiu,KNzyyeCfT6Jw,BGPWBRIq3VJB,28.7,21.76
sye2YNO5Uu6J,TQgUjDPUjd95,Q4lnHFw86sJd,37.89,237.84
7J51qVGXlaSG,3DndxczZrPAj,AlwaQrfO6sZF,81.18,44.75
yHgXRJyvsYXX,rhyKJR9O3w6n,Q2NwKBfUdtHW,135,69.82
5rg741FpkxIr,tQSTooJNc6vp,2a07LobkzHUx,820.05,7.31
9k5vXTwWOOaC,mckjIgHnht9R,HaUIinFOemaU,435.55,18.05
EfVZi44dhjyG,zc3Kr0vGb4YN,ruq0u2ZpAMDr,95.03,14.31
no1GZs08Zd41,7grztYpCkySJ,K0qPVGdA91KO,161,17.37
ZXgbr47zue5Z,gQmWktJ30VDv,yGbPyLPc8PmT,2899,32.34
QMdfpILdzGOX,sAZlZF7GJJdr,16pMg4KJ3hIj,820,26.08
0GUEzCRZw8RQ,7Y9s1nKZwgT8,lbmduirZT5rh,71.25,43.52
TQc1grf246nI,BnICguJ7FAqS,XAvti4CVSUQZ,2799.65,3.23
Cx0IO6wIeU62,ZNl6BY792DHN,2cg7E5j1pzxq,252.99,37.12
gtrzn1LyN7dM,kFwCHCD7QAUG,tjn9TXOjEGlU,389.89,66.21
sV3bmdLLSYEp,P3UmRv6uzzeh,DaJwquLc9yW8,136.4,1.67
G0fNhWSqsZb7,y94CJpPCKwhA,hnGt5LdR3vV3,459,50.91
WXcoK0OVv8In,ciyz5BBBbTP3,hSejNkQSw3i2,18.26,30.66
vDymA3CI1pDJ,JSf9OtrZlVSW,WPPn7m3D0d3X,2218,26.14
KUNxbxkfA1nj,3UKRaMZJbCXh,Q61KIHTxtyMl,59.22,47.13
IHXVkQvfAsMA,63XTdPWHKZSw,9fFFM6RBxCkT,136.89,64.41
9UCJ8BRjEgot,yO7IRW63DLNB,IfkTaAAVww4a,60.09,124.92
Q3YibHwyBHh7,kpaWBO7LJ3AD,tijNBaiwsAmy,327,40.63
BnY8FrzUAhTn,5a3fOLvOnQ3s,coi9xkdo66JI,159.9,9.84
Chxh5OmnkkhE,K5iq4VCYBki3,l1pYW6GBnPMr,399.2,21.98
TymnnOhZXawd,21McOahMq8xu,UGCjf2WS6Uvy,252.99,18.65
dIsCKnUfDcpC,gmnJta6APaNa,3qJR4C8RG83p,169.49,2.46
E3BBgIXmGWal,rLkyneOy1Tq7,16pMg4KJ3hIj,111.27,67.11
C5GkkTqFN4Hr,K21GjvOC8E0K,tNJnfkCxzhmN,475,6.15
1ZvUvh9sKC3s,svk4TIQoScnN,2Vzr14MB7bRD,849.5,48.14
pWRjBubXBYdq,HqcgHaEnbeXs,vDmtF6gSG8GP,411,37.72
THdX6i25GCJd,tJSjR1AbQ1F4,TONxC5aLQqev,3699.99,61.32
2bK5G1aq5MJc,aGfDroEvoLRJ,YhG8GZQWQVB1,111.27,39.68
IXlbB5X0g6bK,oUaq0Emczjrp,AHG0TE6bRNNY,215.42,6.15
e0k10KUl0ufv,tHPavTpCiXx0,hSejNkQSw3i2,836.99,21.98
vPV8OMoC51eh,VO111AOA1QIP,ElULPWS11hxk,28.7,6.87
k7u4RM3C6ESy,OXan3Rsv1N9F,hDN0gJiFmrgG,43.97,23.37
DspisZtbLCH0,r8X9WIzMDtnH,BFS9XJPapWv0,58.1,42.02
zKT26fKT4P90,huOtiYFnpes9,CYe0rVOTbNZ3,144.77,224.34
h0wSbgpaRTpU,i6zLzwZZgX1F,nOpV5DDruGvj,85.9,2.46
SzNUGbFZDxaq,FdBtdonyg5Cn,ARNPJQjYTDDb,108.34,20.9
Ay4kOOtGGyYh,KUgYDEzRRFSD,FGVwTsnkeNNv,266.55,22.18
1pmrI7xypD8L,301f8N0vMU8O,fHVZ45VKd1Co,34,12.35
zSyk19rBT584,GvBzGCvvIC2D,v4i9GZGfxgTZ,679,46.27
jbaRwWAw6rZ6,uqqbrPEb2Kvn,YRYlK9uqyLE6,199.96,35.96
9gez7iVvh2oX,2ctsTd26h9QP,C2GcnPy9UJtp,142.14,15.77
4XWA1rachUdJ,98SxWR4W5vhx,ESs66EAdIPaF,692,26.14
eyuM8iHAWRxi,z9r4yfctEfv9,ruq0u2ZpAMDr,538.9,6.77
5mcR9y7YNybJ,7ZUitWOLtfMg,K0qPVGdA91KO,137.88,11.39
c5DmDr7kqedy,bfkYf8WcDtMl,ruq0u2ZpAMDr,820.05,15.65
uhB6rdTAR0wx,YeGiuIl5wEzT,FBr7bTkcVwez,66.96,30.01
4EHBweGbQglj,s17aXKu4zvfw,q1Q2n7nr6h9B,358.8,65.03
pgnfFcOqhJXi,F2ZFaPrChBnM,P2nCHWuo0HC0,128.99,21.54
2cpMWJDLf8YU,mdZ6rnuU6CvV,uVKVCckRTJIo,509.99,0.34
khzxhBmvAaVD,pwKC4WGEtMsM,2jTASjIU2rIf,124.89,14.41
KtF2SNhs2cf4,gF7KtOA3gNjy,mWGOk4pETZyZ,475,27.8
nMw7sLGXVk83,E9OiMOkPkNam,EqPcJSwcfSMn,12.26,1.05
vBQ4cXHIcKcu,fv7KNAysdXlN,MvBLo1GhlfWv,2.2,47.55
wLmSeX7aRYYJ,zzKpDIgxntcg,lZIni34yuGeQ,51.92,82.84
o35Byv2l3Rnw,TaP4m47lzJC9,j6ZQXHPSPppN,26.99,38.66
CAI1SLL46Z3S,0vbEvli2JYJu,RKad98cTxhSb,95.03,14.25
t9bHdOVkt5ge,g7HXr6G8lJw7,2IxTbqKqgUdA,106.74,237.84
qDs2n4z4qyXF,pB2qzEXgYNCU,Y6oJtGnt1biO,201.37,38.63
JtVWrzxaXSvF,baO5UlHQAGVC,16pMg4KJ3hIj,346.99,10.63
LZdw0vc9dWg4,LP9yzvAzxDXy,hmS6KkvxMbyF,399.2,27.67
O98K4xug8qJC,5O25qEzJZSMe,DZhvc9CfEzyj,131.1,0.33
P6EyxUbVuDxu,GvBzGCvvIC2D,v4i9GZGfxgTZ,679,12.93
7TzFiThWRT3F,JlvzVT71weio,OuItkm6Hi5Zw,509.99,25.78
IrjuTSdjvAC0,x2473gHktSB1,VjbLhhR5I7ly,465.52,14.99
u8Vs4HbfsBsU,43tazj2WmezZ,oGYw3FCx0i23,389.89,44.26
1zwH6TRwI9OA,OREzyxIkjqea,c1Dw1Rwr2Qdd,2799.65,126.78
9D4Zsr6cbIeF,4hkcmVq9CDd3,1B2xMd2eH2aU,422.01,45
IlaRuhBcYyUK,qwXQxR8t1Ktz,6sxwOP5ZryfM,820.05,12.28
y65ykimdAgTa,4E5vJsjJSojs,nOpV5DDruGvj,836.99,2.46
2piKXUH7jRJr,Nfe3KW9D3aB1,BGPWBRIq3VJB,55.83,86.41
Br3BxsV4ddNl,4RGv7GdkdYyB,l1pYW6GBnPMr,548.35,8.82
0rRPuLQbEGKO,k1G4RHt3R7Nk,K0qPVGdA91KO,1001,6.08
ZXMc7s24B1Ju,bfkYf8WcDtMl,ruq0u2ZpAMDr,820.05,232.69
C8CLWr03d0Zs,0GII09WWgwUY,Cyl6PGvB25KG,132.9,30.66
ftwEOwGaPnU7,ZGiWs1UKMLSA,bl8PTwqK0kvN,399.2,14.25
msfBKI1i1qIy,koPVtkzV3WbC,0tBoRWzPdf1v,181.56,142.33
Z2e0SmF3ahfn,zbOpRaWbl8I1,cUn7dujqBetE,358.99,38.6
U70FtfI99YUe,ZEye6yzDOiiE,ZNVgXvCvMqkS,399.2,12.63
AstXHRBYewOu,C8CAvt1H4uq0,I1tzIpbuBorJ,329.99,71.02
kLIebBiLEUNc,GkFlhyB97eqI,SgeUigb5Vbiv,1899,2.46
9iYWG3mFM2N3,Sr7PutUF6W74,a2Z36gRD1w1y,56.5,8.6
iK8RnQqVj3tm,JviVd50sxFpF,m6IJZtqbZBZn,62.83,26.14
Df8FWpOGyLxV,7B6K1gvFb5NH,cjilIa8d2RUG,158.6,58.17
KbYWBhtuLZdQ,Ffe8gTdmyO3U,4cJY064rRFhL,107.63,33.67
Aw2Z8BvP28ns,dooIJeivMlv6,KH9VVC2iPaCb,145.99,161.82
lyJAZOUEuqC8,tfgKHMdnTKpJ,RsUgQvBvc24M,114.9,56.78
LoOJhQXJfkbg,XFaEaka76f9Y,2UV2zaeUhNyA,56.89,30.24
EXRcqhCEbk2u,nuF73WjvQjvq,Bn0rKfmMycWE,389.89,82.93
Uhj5QQRSGI2V,xl7fxh09W8xU,HQ4j3Fr6B61e,310.99,29.34
M2mNnJ1YbWwa,yjbebnmOeMDy,TONxC5aLQqev,127.77,72.64
R3nR7MAIFJp8,0UHKKyYmxWfq,K0qPVGdA91KO,779,1.64
KTnCUKzElL2h,HTAJlgRwPpZ4,J8zCrgNURNmv,692,33.9
QgXLbqtRIYJc,IdQ8L0XdYRgY,U6Uiznl9Nen4,257.6,34.33
ct5kDFx3lQwo,OQfB1b4uv1ky,jzgHP4GCYp8w,112.8,18.3
iS3MCokjSdae,DyTbGyCk2Wqt,A7s2wiNKJ3HW,238.4,17.89
0LHWQwuXbRXM,T2xpbQd9IyDy,VyDYXaRCd51S,106.6,48.01
7Wp9ZHNwKOcs,d6f8CERabPBQ,2jTASjIU2rIf,189.05,49.93
VrZquU1IPXyA,a2rFY4kyf8eB,5FvGdji6skxT,820,12.28
LKXwv3Th5J7R,Lx7Zbroav4Gt,Hk6sj228ERfx,59.65,29.05
WeNRCvq1T7vL,uW3DyXEsUvwf,jy8PvSNfK1rA,95.03,14.25
ExFC9Tp3wrVv,gO3HkbqTzW6x,lfRV5qiPQJXi,12.5,40.43
jOjAlaMd4Bxa,edvL52sahEJo,n1qBLUpDVOLU,252.99,50.83
U825liYb4bEP,k1G4RHt3R7Nk,K0qPVGdA91KO,1589,38.66
e9m4BNOomAdS,QjZtjgIx7NI5,YlP5976VHgAM,70.23,32.34
IqoKa8JhJv71,FkDNIFiX19cI,FcrnIEqLCqVq,16.9,171.5
bsmzn44t3VC8,fkOxcRqgS5y0,3Alp7oIhUtGc,259.99,21.8
hIMwqW3ftMfO,hRa5Mdi2W3gL,Ld5BbJbgEpJp,4099.99,4.01
TB8dn1RMb1Iu,DsP0QUh8tgta,2Vzr14MB7bRD,376,23.6
7ci7P8HvMMs7,8kUYWjdaVCxf,oI8R7WsNWWBc,50.21,70.82
uJavi09HBk2M,SAXV2EDo6g4s,9gklonWZQLmi,71.8,20.3
n6dwwBlgVTuA,BrK5VgsL3DXk,2jTASjIU2rIf,97.05,47.55
yfclthifmTs0,pTe66JgJ7xZL,xadaQcJkLTmF,36.3,66.9
0oHwt9b30CGn,SkUGEi2ENVlV,NRvzBoHSC9e3,161,61.32
1tkPSB2tm3t2,zVkMIgraNdQJ,KyJlfZytZk4Z,78,63.79
oopvBupCO1Le,qFEBJoYnKG2G,TRcQ55ynAFlI,453.96,6.37
4VJ7J1V9dr24,SPIT3wETFRjm,SdNJoEI8fcgb,58.32,6.87
Zew6B3QoUfi9,7B9HZ3MMsEoK,XoReeOEjvEuw,46.2,73.72
ckXdHlUPbzjN,IyjLE3dlI1ce,hLzo2H5Hi4Td,140.7,12.83
UqJUVQfXvMIC,yRAkBYToAWpL,tNJnfkCxzhmN,89.21,30.66
iqU2tyMIOyi9,uPT5JSckT4wc,0TGBD26I0208,369.95,15.08
DmHPGG2KKJIt,gPcgQy5PcZcR,skSdK1oNLelu,395.6,24.76
8XDAlb8IQfhD,UgkSjxoiV9Ev,UOGIrJtSldvd,252.99,82.61
uLRXIHs701fv,FZ3D47L8YZyI,wSZ3480zJ6Ny,95.03,7.22
LdTyR77hBNGz,6Dhk50i6bHvf,Ty2rCht628LC,79.8,58.14
d8M30xNSzJX9,GrlO2xmgCJ6P,OdnRCxXEzI4n,94.56,63.07
HYNAXgd1ufhl,1MAKkRLc16A5,79fGAMNBDzTH,3.5,121.22
M3YhJss5VxJA,cANAJmznL9Lg,kJEFisr2CqPX,2221,29.54
nVOd8unSYt5x,pIIdjguylTGV,EqPcJSwcfSMn,449,60.35
UrZlJN0G0U9W,GkY4iC34yfZR,s9PULoMk80qE,344,3.62
qF714o5ei2QA,PUtzwajjcI8F,rCgkhyqKQ2Fw,42.89,32.34
gt6vQRWQPSQr,gmO9Lmc3rapV,GfxP5sqbRDOE,114.46,5.41
IGmh8Iw19DCw,FdDaM8lO9vdI,BGPWBRIq3VJB,620.1,69.23
X8UCCPb5ygTK,fX5cWtC14BWH,EGW4UK5bOeEZ,588.5,33.79
jtZvMYq9xR0Z,4jt9KOGvxtWa,RNBdBKsXebna,71.8,9.84
TbUAeZfOAezJ,oLVBoWOotxcJ,WTbhLip6Y9IF,374.8,73.72
OxOrS3XGMQnf,ojKOZNiAjf83,MD95fJyKH99j,598.4,24.34
rBz0njcMajiT,MJd5ysuJ9wF1,TuPm19CMKvrM,114.89,69.23
sRSlDVv6OJ0n,AremCr2pjUBp,XcISPoiOS37J,347.9,127.1
HrlLFWB2kEfd,8LQ1KNC1uffD,nhZiNyvHKd8H,42.89,32.34
4SLycZ3VQEMO,fnpEJmNALuAZ,QgSPgHi2XQs8,719.9,29.68
i8oM1FedPD2K,nAcaJdCos78a,2QjevWskirjm,26.89,13.96
fjsJK8u5ITRy,jowpxEhRo2Cp,zXm1l9WjzYX5,945,60.07
wj8nQ2Fzid5y,kjXPWGNlNz2a,smK689qrlIx3,509.99,50.28
bJE8PIho24gk,TcEvG8mXayC7,SgeUigb5Vbiv,1199.95,17.47
I4xScLeSHP4Y,xArM6NlDrEZS,w2w6JGL2qELj,100,31.8
QV5kaobvmqtR,ymKDicNbeRGT,qlWrFf4tJjSk,26.77,22.64
9OBFk3mQyTnP,VM4OmZOaHp63,WTbhLip6Y9IF,69.86,27.57
6p2Di1yaKWWr,CetSPeqb3tc4,yHsOFiqVrV1u,26.77,12.64
sfxlElxBrIH3,fwf07l1OVf2x,RKad98cTxhSb,95.03,60.35
iqs3OdZOhePp,hn7szEJHw5LE,2Vzr14MB7bRD,966.9,12.84
V747bx9caKcn,rIwCsLZ2dFTY,ww2Z1B2PFAzV,111.27,23.6
sv0oMoOhOnqW,GmgXGONutNxg,BGPWBRIq3VJB,28.7,12.63
Ri4D5Pd1fWXz,rZ5pT7KeDGN2,coi9xkdo66JI,383.9,1.75
62p8KGgEJKqx,FkDNIFiX19cI,eV7Woul7454D,28.82,23.17
Br6VatR1BG0y,xDmT0BaSQrnp,dQCmV6mcOXGX,109.82,55.54
qg8KhWZF3z5A,VE1XRfifT9hb,oqejBC0typqo,198.5,62.97
4p5h8fbioJIX,Bma2PVU1tDT2,cc5CiZSOFEF6,101.75,16.34
oTo9v1g6qCDt,3LpxCHqsJe5S,pfZXbw40rEBR,70.23,31
sCyPllk1ZpBM,ymZvN9XtTHxn,Kvozkx4dDVxL,329.2,10.85
KDzHSkuInYO3,thVu8wtNKd5H,g6AdzghqF6DD,31.99,25.87
kA0HnPtLmhDF,j2LIi5Z0zNss,Gj8n4P6E111S,114.62,75.56
Ud4afhCnYRrp,popL7p00yvEm,5YpZRhwM0e0V,412,95.89
mGyQLBRDCLPp,m04GA9uIJaR4,hSejNkQSw3i2,253.52,38.32
T9GwXy4K63al,oN4U7mAXXYDg,iyQAZYHN096Z,73.87,41.48
GfUtNjRsJtQV,6y4Svg7F46Ll,BGPWBRIq3VJB,28.7,6.08
mB7BTGVlOrJ7,bCk4GH4hlq3x,lAnSOSAjk3Uz,109.82,13.59
2YyOuESxNr2G,fktVsMNpQcuY,tijNBaiwsAmy,159.99,62.6
L9SdJmy8vizU,4iGV7YIuk45I,axOhCopVpSxE,30.48,28.02
RfGwcLkX4twh,xo7JdYBbhnL3,nQlmkVGs3xYh,156.9,36.1
InJp9j3p3UfK,6Ww1i7qd1Zqu,YVBAT3QqF9Qj,71.8,4.01
4Vil4wCz3hL3,8NfBg6burWaK,coi9xkdo66JI,231.27,64.29
erR2l1480HBU,bIEg5jBI5qCt,EGW4UK5bOeEZ,231.27,42.6
vlgL7SEYdAGJ,l4Ak1k8MYyLW,nt1w9AssyxfU,31.46,54.04
kMmZqP3SMUrl,grHPtsOKycoY,zgYzopRGJTlj,173.93,17.38
A5QOUnqpIPNA,IapxkDY5AEwa,8cMMpAAFEsxE,76.6,60.07
8MVjxBFCkjl8,ztoAHjqCQTx3,HPuxRyj1uNUP,78.97,82.61
BfEerzMxBUsM,M9Rq7Nx8etjk,X6sOuk28jDFW,692,33.9
7Mnj5LFCXUjy,DL5BHCpE7rrL,2a07LobkzHUx,28.82,14.9
z2xZKG2is3Xq,VPeKM1EB7I8L,XEurPdGwwrtN,17.5,321.88
qCC3RaKYxYBW,kWY5PZuP3mMX,KyJlfZytZk4Z,23.7,47.81
rfUXOUKCptwI,ro08JPncYzLh,r7VxefoTVHbb,692,2.31
LKRP1jbPUX9u,0IjTTPekYrA6,BGPWBRIq3VJB,31.99,46.57
R6up2KYJbADG,hfeqnTkgsdQt,p2CXmXZgANxg,589,38.63
Vkd83aJPKBK4,SLANLZkCbYI1,Mhg6gqpiKkO7,26.99,47.55
gk6zgfzGqRTq,u8FVP0J6HlbM,ouYt3q6fRtrq,516.59,60.67
MfNVtDX1b0u6,3Xljh8XDK83O,pxyYUYfBOHRj,178,111.47
qf88tnNyUpRx,vh6qRnd3jAis,PajbyLRnTzGg,125.46,42.38
KPJNHedkLc39,FekPWhKuOkmM,dihwpSHrqtI2,87.99,20.9
grbwNyiL0JEt,uLzBIKqrgfXM,2Vzr14MB7bRD,3.5,47.55
LqSXGf20AV6o,MXfRU6BvSbFp,lDgTgJkGaleB,478.7,58.23
Y1qg1pjHkLox,QCAiaLSyGTa2,zPSCpHFnSfys,84.94,45.52
ZzXFOWbjmFzr,1lWjTiLpL5sL,5jmVaCDVvTba,112.33,7.94
1YrkKeHcafj6,pK3RXgL02EpR,AHG0TE6bRNNY,2130,38.98
GTtRiJLayjkE,2WgyucGaDmUm,2jTASjIU2rIf,97.05,47.55
bIDNyw5PjxVw,Ly39HDLMrH1F,JX4iwTS6jjJU,42.89,6.08
52d7sTJogAGS,YZLstX8mQBEQ,Gj8n4P6E111S,114.62,34.11
RuC6cSsNwGSD,cDoq9u33HEPc,lXgFIHCZtrfT,648,47.55
Oq5uLT3bDtK7,z3QThifm2Ex8,2a07LobkzHUx,129.7,37.72
LoBAXtMOqI3V,IREhNF64vxMV,ruq0u2ZpAMDr,144.56,41.99
Gl8G0YaaKbCH,OQd2aNjMA5u2,IWOf3FsBgQtM,113.49,36.04
wjBw461L0dNm,XUyg95fttt1h,ghsV9MAOkMh7,222.98,31.89
cUIMdjXkl46l,Y0RM3LCkq2HF,KH9VVC2iPaCb,42.89,47.55
Hg69RiAHsqSy,nHVfUq8Xfzwq,KFJGwhHx3FJX,76.45,3.87
kMATImGT7Bt2,CmNuLTfTF12l,hd6t04omaVjn,18.04,178.33
vICQ6xAkBQJv,MHzzkDPSSXkY,tzcJQVM5ttUQ,189.05,3.83
eOsGCznIAUFY,q2qgvAJMfOL1,WsRRts2emyz6,68.1,16.35
rT0GUnmfrp3g,LXAABPW3XQVW,IEyfJqBLbCtG,820.05,3.03
PneId89pjlVF,q7bnB4d9UQje,OQQb6MFu21gH,2139.99,143.67
xkUyzx2wFjwf,7LfF2UKqKxBn,8Wa4TXXm4Hcx,181.56,47.55
1MbJ62rztvdE,5ArAXFfZIzdV,NFarHrNhIIbP,109.15,18.61
3P6YchQzgDtd,KfYA1Y54VggE,RFMenJSKu8hK,403.9,55.54
PtP1KKpGs0Kk,3hFgY14cseag,S0NEanjpRQ0x,79.8,17
dsTjTURw2Ngg,0MOZauLgN5Vq,ItYhqrkUww7D,107.63,26.02
7KQLNjjjuVzS,QRRDhAddJGXo,NwPn61VaD1X6,8.8,32.34
PPQrKXZMlZ05,LI7HK6BJBBPy,bUwTEGq4Dr3S,37.49,9.23
etGEWoVwIuS6,1edaUIVffPFF,coi9xkdo66JI,18.42,256.13
55GIbAMhfvxt,202tnP7Gp77m,wzGY5bxLJ24L,16.43,83.54
SnbhVttnpE27,ZvqpPIcpiYHc,ItYhqrkUww7D,154.88,61.39
WMPT0F2OZ6fm,ngBjN7lkpLic,yGbPyLPc8PmT,131.1,46.31
k3Rsr6bYVhuG,v5SnKR6BzXcc,STj3c88kfxpu,35.35,5.22
KcbjEZhinCC7,pEOKGWW2dBY3,pAOttUyt5jAq,97.44,47.55
CBikI5R5D3Es,1LlAoE7WwDpb,3qJR4C8RG83p,41.52,78.81
vlDOCPx2RWwL,9o5aGPLpSZGU,EGW4UK5bOeEZ,19.3,130.46
4XD3XsJnUFnM,21d75APed1Cs,qQu7MxPlBpA3,128.99,102.69
Q5ZoO3DdXvmc,ZWyg4uNWPHjJ,yGbPyLPc8PmT,2899,32.34
u1UimlZOy7jQ,XDB36Rv1EWWy,qwUKHSlnwK7p,411,79.16
1E3iD0TBYiQv,p9XNVNxNsSHj,2a07LobkzHUx,77.08,9.93
FSFm6KXHD7tM,h0c562VfTzH1,9fFFM6RBxCkT,367,17.38
UFRdVMOcc2Yp,nLJJ4yVgx9ji,A7s2wiNKJ3HW,749.99,38.94
XFauDZBeZeg0,hltNoJPbTHBZ,16pMg4KJ3hIj,35.95,38.66
aDM4talQ6brh,GvBzGCvvIC2D,v4i9GZGfxgTZ,679,29.5
dfQYczlyMHB5,tzs5x0lLkB4v,9xdiogxz7kit,150.82,32.34
G1Veq2fc0vSS,ipPRqbM59Nsv,rFT13UJuGo0Q,121.99,36.96
3kQCq4lbaOK9,dfg0jojjzwY6,0P23RFuImtdl,137.88,41.41
ePg7LyHwKeoQ,vHV8rk4PORBK,T7OJcZtdnwO5,56.89,9.54
iE895OwyUliJ,Pb29t2XBfP6Q,2a07LobkzHUx,176.97,35.87
XyAVofPUCM13,B7CVgrM35B2B,RuTOBChetY7Y,139.34,11.46
ItcROAatm9qV,DDzcxw2orD5A,4SRv5bbOf4fh,125.46,47.92
fRH6hWQCFJfA,EbXvBHpCdrqk,yHsOFiqVrV1u,34,87.87
s5dVUH58uNDY,6gAgSBS9Ghbl,kT4UPkqxjZhU,133.05,38.66
1SVobHiDbyFI,KFuPwSsJH9FK,K0qPVGdA91KO,252.99,44.49
A9u8teMLfnqy,THCxakg42bF1,eVS6MuExSoto,2130,88.09
uysl2pJLafck,l9s4S45sS3Tv,Poijjq9fTBn6,188.8,52.74
cJoBPLziXZ94,RmflC2gybv9O,EITVZLhkPyQj,820.05,99.88
nsRsjGdzOLd3,pjKs3IJY2LO3,TuPm19CMKvrM,15.27,7.53
atZxU3EM6CCK,zJ3QmOOSjuNf,k6TefnINF6Kt,26.91,17.46
fLr3kTLQXnYs,BtrLJJC9i918,05nIYpVrMwiz,849.5,30.56
vectKPK0a1hr,jjuUt1Fp9kX7,Djfhy4pnkKOC,145.9,62.33
oQE3KyRMx2HC,VUFL8lkuO8nH,sUbCM3c2gFML,399.2,50.43
MpfN5hM7QaIb,hZXWmyaDMnJ3,i2VPd2aaDnzs,10.6,106.21
DdDQ4Z1ZAKjs,VaaCM9tzYE0J,MdWxBEep7ZnV,181.82,16.36
cCTU4XdvZaRb,g5wvRcwf7IIy,nQlmkVGs3xYh,395.6,84.65
ruxxllsQZysS,NTJNxSS03cG3,n71QJUsiY2v9,419,14.6
QynCMMXbz6Hj,g8Jr222zRYvQ,keIZJltcHwUT,188.8,21.18
y76jGUuZwUAM,Z4AzLJ6bjng2,WG2pVERAEzeW,70.44,11.02
pFdbUShXs2Ru,on5EC0NJ0gdV,WTbhLip6Y9IF,18.99,4.44
QguN9xvRHNTs,k70YhkRSxJzl,TONxC5aLQqev,453.7,30.66
q7ci0LjrVpG4,qITImoaYqnMp,XiLZgWSbLbMn,139.33,38.48
6eU5aCClumyJ,NgQ204X8yfyZ,7OKhjPME8ZK3,95.03,22.18
uO3CqIrk9TA5,B1FfhbqM7Ray,XVnGdJv3Q9Ok,29.87,32.18
8SQ9FwzB6DxZ,PKW0Jg5sxOWH,BnvXJ0H2aMk7,28.82,43.83
BLMPmwddUi7z,hm0kG6bz215p,nhZiNyvHKd8H,399.2,20.9
o971UlIQHUrB,ev5SGnFOKVhR,e174bRL5ZXBw,11.04,58.65
MrVatiqJ3i95,UjtLs3UDdDsr,2u7k61LiSKc4,159.91,31.01
a4yTP98EEB7h,9d8pnDW9J4YX,csm5h2FrAugl,509.99,49.72
9HPip5W0tprn,POYxCFHKMvxl,3Alp7oIhUtGc,210.99,13.34
ZI2xJ8n8X7SW,BRnI5QOLxvL8,VbREMx1xh7Eb,150.49,11.39
uyXE59FQ1H0Q,rouH1tejy3SO,UOGIrJtSldvd,206.57,56.41
myHhbcDMUjbh,7hIibbPWVlMU,78sV6I5nExj0,509.99,12.24
F6B9YxwbxxjE,9eFAE4sttedB,BbnzzKlK68by,95.03,4.75
aFnXzRv4Wn2M,mc8GIa0mreZN,0tBoRWzPdf1v,128.99,10.33
IRNEiBQEewT3,s8JIMbUdrQg1,ToGx1gWc17Gc,34,26.11
ZMIMxYQjyNbO,36r9ecsJdG43,RKad98cTxhSb,619.99,21.69
O6WES780bIsr,oUaq0Emczjrp,XoReeOEjvEuw,55.55,6.87
lsHhBn5cxGQe,bag9BdIjb8Rj,GXGGgdIiVtUt,254.97,5.19
yweE4tuiUKaE,brKswOkWPtqO,K0qPVGdA91KO,1589,77.47
L24yFIarqeif,0bZE5tfwrkpm,8CQ9epWunOJD,26.77,83.75
CIgP38RLs2dk,OETpp5ovWWEh,Gj8n4P6E111S,161,47.55
lhKveWr1XioH,AjFi9RspMrwZ,RsUgQvBvc24M,223.51,16.35
J6Ad7eJtZJBK,0vbEvli2JYJu,RKad98cTxhSb,95.03,14.68
K30WhIAThU7e,x9ShmJ54INxa,2jTASjIU2rIf,27.8,29.76
bipkyXhrCRU3,9o5aGPLpSZGU,EGW4UK5bOeEZ,100.6,20.49
tOfbzStkzwCP,5OlvQAjjxnbM,deIZivgltbC0,22.3,83.6
kLHnQGaCYQ0D,mmfGLAtvxdMx,YUyDSmEeROvj,367,49.52
erCvArKuXP7y,7AdHMcUA45kV,nhZiNyvHKd8H,425.99,32.34
DjV3bpGZho0O,Rm3ylmTfDnzn,QU2s8PFYxrCn,37.84,21.01
9kZ7jlj2wuDl,yqXF2xBgO2Yj,Z5HZLMEMP8tD,960,1.14
KuZLJ1AaqI9q,CvtNxyTPsz7k,sctM1gOcIn3a,6.15,12.77
yoTXBZ4nPUOg,VcRU5d314wk8,RlOHlMxGbwXj,148.5,5.67
uYLL1QRTJKQC,H7nWKs2g42fu,w64BqIsmpk4u,33.41,41.01
GHC60lkfmfzc,DWKmdd2Cc8jD,IRFNV9diw97l,122.61,60.46
H8ZDEOpg7Faf,GcA63YUWZKF0,OfafuCsnlLjb,509.99,67.11
AWFieec5EhXd,FJecCwN2k2r3,X9worAU2HZKz,314.8,47.55
eYC146tRJ3eS,y1HgENGrWEMV,xbr8ZnHWrWgb,19.3,14.86
rIDYB6lCDTR9,DErPo7OZsYSo,wdOTtCDSlUbO,106.74,18.17
dZGNHioFdcer,3jddxWJlivPA,YGPAECfdqiAj,190.06,85.37
7uyJMH917bwZ,v5nCR4cuovu9,tNJnfkCxzhmN,111.27,27.26
l7rzx6VFkjNT,EO95q6n6KAYC,A7s2wiNKJ3HW,95.33,29
qKs9bwrzCJCx,muYklhpQnbjz,YerjZTY7wKZq,1349,31.12
nFXS3pQ4TBIf,fwxl78QhkWoi,LLty41IbV7xo,77.07,93.14
QAnafTMO59m6,pwwepzLkrMOF,MTCYzcZ3QMv9,50.4,31.55
EUpbLBAHatd1,ICg52p0fIcjz,wocAK2BwMboC,919.9,3.49
GP5cstPcLLQj,YnCK8Kqham5R,gPffp4FvbNru,290,132.38
ozguHw2xMsrf,EV3RPuyZ49GA,W4vKCv0p63wK,879.99,60.07
w1DCnkttwIe6,vGXXRal5HLec,bd8RhBYu7arp,56.89,29.56
TyY6P7qtW1Yu,rkFp7albv3Hz,Rvum5utfPG0m,692,2.75
SM4Cj1CZZLkj,m8HhYxS2C3aN,dPgh591KNQAz,58.6,22
ybF89OMhc7TN,t1miL8Adj6sw,AYTvmj7w9EFz,719,17.14
DURQJMJAFgec,Gvk6GWtgVh4r,NPzG9GmZi6FT,91.33,110.61
yQNvu0LsC0zi,wAqpjobOTLMo,Fh5z5uvA4neX,116.1,34.71
i4uH4OVqBIdm,6lqYiC1kC4WA,qI9UblMbsm1o,77.07,39.91
Ae4FmV54RaBv,rzLneTyAjkOh,CYe0rVOTbNZ3,509.99,38.66
ua86X6jeWF48,nLJJ4yVgx9ji,A7s2wiNKJ3HW,148.5,39.15
BmsSgvYugTcn,Baili4Bf5wly,sHHmuXxVQj7Q,42.89,32.34
K9wZS26hYDi6,ZXIEsYQd2pCQ,ErNdnCxofJMU,215.94,61.32
emgbs4p8zrbs,4aY0NgJi0cCm,UOGIrJtSldvd,0.85,49.55
dzYh8QrrtxmN,OBIvlk9Z3nDK,6jGWZLtrj4fF,495,27.02
jF9xQGkZI7AC,ux3Ksf82C6dI,RmqD5Ma4c43j,116.11,125.66
XCcz3HxevFiN,yxbOV7Ndo5fT,xVaf9S84mIN1,692,25.26
0qj71VZeqhOO,BexYLpCx6BwK,2Vzr14MB7bRD,18.04,24.23
efyq0yLeQE1m,QVlD26X1y7NI,V3iKL8r9W9NR,127.77,95.89
fgEO0J0acDhb,6M6QxDT4iGx5,DhnYfWO3PJ5F,176.49,25.09
BDLXyxkpxOeN,jrvLtMrD3Khn,tdfnXplX8iPA,190.06,7.63
4DCZ5L73MMIj,hMMOgETirvXW,XLo80zvVWiTR,305.28,51.29
wb8m3XMuIHxk,XaZhwWmDvmVY,migPLaZui6Op,29.6,40.59
enWiHbOnJDKY,eJ0WKujR01gm,Cyl6PGvB25KG,56.89,9.84
RQ6qEjoCbLlB,mfmhMF6dhdl6,BnvXJ0H2aMk7,193.25,59.34
AUnUliUP4CbG,7SbxZe82YD4g,2Vzr14MB7bRD,128.99,73.45
QlfYA7XhGQM4,0EFQn9gY6gaY,77p2EYxcM9MD,264.5,23.07
ZRbZ7T0cd7v2,IfXaP31E0HlB,m6IJZtqbZBZn,15.27,28.31
DaBl0qQpdhDH,hXJzBtpOKuuU,DhnYfWO3PJ5F,40.8,6.2
6F0kHSR4ku4P,YaALB7oxDID9,mtGQqVEpW6z5,849.5,146.3
ls1WaMbwX29k,eaofBA31DjsP,z60iONxaQyao,256.9,64.55
ZWeLPLWjCN0G,QPNLfLhMRFZV,bl8PTwqK0kvN,65.06,13.04
lMNtLm2TqkWz,htvhVzDA4jAu,9WT5VvxbxrDN,42.89,11.55
Z59NsR2g4TXC,A07swqGsjXLx,yGbPyLPc8PmT,106.74,35.88
tXXBz6Lyj1p6,srvU0XsdWXs7,yHsOFiqVrV1u,125.46,35.01
bV1yC46PogzL,hJYNFeq2z8E0,FBr7bTkcVwez,848.9,15.64
w90g2o1VWeVs,B2HyTOAfXCFl,Es0d6f8ONsbK,13.31,2.01
KCqost0jS04g,kml9id6j1D7J,YRYlK9uqyLE6,910,89.1
GceioGAwPtfa,HcxzVO7t4pPL,jSOhwPWVF2Xx,36.5,32.34
vNP260JjlgsB,q8vfvTf5F2XO,DHOPtCppeECW,820,21.35
JuxPt3nOB4rA,AOze5T4Uex3f,V5WynwQkZECV,168,47.55
5ZCKrrJbv8iY,kuUbPNBMgk7o,tYbtiPwsAhmw,108.34,32.88
dhToxbmO2mgK,XhUFUsNxI9lK,TuPm19CMKvrM,111.27,30.66
jvsUaBWVyOha,BCER9EDwpGjr,gsjT3buFXEKe,33.02,19.93
qGZePwmIBBtN,HuJZxg0ZSCIL,16pMg4KJ3hIj,72.4,64.55
919ggAMoZv9E,G4640SQ4F6gN,coi9xkdo66JI,849.5,38.3
GiYSLpL1SNrl,MzyBYFOiAQl4,kJEFisr2CqPX,43.21,51.09
seFGrql71OoU,CLNGHSRBFxql,1tQXSFyHrsGq,78.09,40.27
8c1YjufKGTpK,OR8L9LaOqJlk,TD2AMTmc5Ixg,312.84,47.55
1WL4V8KeIDHN,QwBqWGV8MEgK,QZGYZHmzukoV,527.99,67.33
aQGzgNf1d92B,GLkO1SLgrt4F,ffUNNLStwOip,403.9,34.6
hE1yX4MhLL0L,oUaq0Emczjrp,XoReeOEjvEuw,55.55,50.28
Bk0dffIbfChq,M0lPdvbXkSzi,yrRN2gKIgYet,167,34.33
JUou1ZKvsYh7,VcU0FP9DjfBt,AvTLykupHOIB,156.3,12.06
VWs6b2EAZOl9,c7PDreUWjpjc,mkWN70fui2ro,274.49,70.06
mMzrAIDmgpqp,vMNkrbsMMk0s,yWUu6WhwFUAg,167,47.55
BtHG80kokXbi,8EMcxO7AFhVP,vlLUp3U56e8x,150.82,42.38
zYcXmHD6G5cr,RQlh8sswQpO2,YerjZTY7wKZq,189.75,20.41
NOwU6BgabXFN,DxVHhA66zdLu,9glrjePowgzM,128.99,43.1
cdMNdLFwWlDP,pSqmZ5ursPGa,TuPm19CMKvrM,72.4,84.96
pXA7Bop1s6sO,RVEiCvqaMSJ1,XIqPY16m4efC,304.91,28.02
kND6TmRqIdtQ,rxR2GdD3XxuJ,cdhcscON47ip,54.3,17.44
cIa7XgY0IhJq,EYEzM1t9LJ3A,regXXvWjzQLh,42.79,222.38
oeKMcBjaxdLY,185Rjb6Jfv2E,EqPcJSwcfSMn,100,31.8
frzvwDN5YkIj,CKTiEGaIRVPU,r2e5TlYWDPBS,400,14.72
zcRsep0OyoAO,nXZPk6g0AKxS,XePbD5Ocm6Yk,4590,8.26
nAutPRYVGkK5,ixKNEjGAj4eD,KO5ZAQ5NWsGp,156.3,70.82
QwOTVMhTgf9n,x8VfMVUGc4Ci,vlLUp3U56e8x,56.89,12.86
iNO8xgpQ9pHz,SLTlrWtcYt1m,r7VxefoTVHbb,692,46.76
glIYCfUUh4jz,nfcshHx8ZZOj,cUodQhgpRajF,95.03,26.47
sQje7H2R83c8,SLANLZkCbYI1,Mhg6gqpiKkO7,1500,47.55
vpPwU64a8POw,UgkSjxoiV9Ev,UOGIrJtSldvd,56.89,28.61
meb9S8HNpS72,VgQLgvRS8cD3,AHG0TE6bRNNY,254.9,30.66
qWmX0XhPbPwn,7yg8cGsbbeWg,yJyItN8uakce,529.65,33.92
owIGthHmZpSP,4PdIfWqprn5V,LLty41IbV7xo,798.9,90.98
RBmioQlQiObc,uhR7YKVFm3CF,K0qPVGdA91KO,161,4.41
aoXUGkQXnqiA,l8I5PhFFBlCO,OdnRCxXEzI4n,226.8,64.48
tvOan1mzirby,Bp2UR8L9Q9VG,2a07LobkzHUx,140.5,14.18
2wplUDUTyRex,Xw3IjsfIWduO,yrRN2gKIgYet,779.9,29.68
pCYL5AJPujok,FE9j27iJddQf,l1pYW6GBnPMr,548.35,23.57
sU4YmRVWlsVx,CY8OZ3lT9uqB,sevytuBWdSFl,2899,55.54
c6nhfOrJ8Q9F,SWqcqGVZ1YKW,ux1d7N0zioFv,13.97,60.74
waygUVyOTjcd,4I39bKsMOXGL,kYHploWLdvqh,419.9,38.97
qQOvniGjAglN,1lGxeFOwsmvu,luzDO2kXE6wp,49.97,6.44
vSsvWwYaQSD6,fabZkYLh9gA3,ISS9Wr4Lvyi0,148.5,35.48
xpnFktaMnaXg,xKRXYQYtS7Zn,quRHu0B8Aaes,188.8,80.96
0lsQSv24QCXR,nuF73WjvQjvq,Bn0rKfmMycWE,514,46.81
3hxzVJNs3FEv,HPSwzbOuoPU4,EGW4UK5bOeEZ,14.45,37.23
pRpo8O2u93rU,fnpEJmNALuAZ,QgSPgHi2XQs8,17.89,55.54
nVQxiZ9zqTa3,v0F9iKtjn5LF,n1qBLUpDVOLU,404.88,62.88
zL56ddA8hcGw,r6yBdRWfu7YQ,A64LphPIw0tx,33.41,4.65
x8YoQrSw1ibt,ssZQDTdv1ISb,Zj36u9uWzYUi,49.76,39.12
TQHxuySKNG5s,Gx9BskaoR7Lk,LLty41IbV7xo,47,48.01
fpMX0MmzUdme,hWN8oyEHKv6p,A7s2wiNKJ3HW,16.89,38.66
E6ORBY8V2l85,nxhprP2JJoRH,DQDmbEDffCF1,698.9,24.44
VesTskisHN34,2vFEY0c4ZIPU,tijNBaiwsAmy,37.84,88.69
7t4WD0z9zvIj,t2cv5m3Sgv96,K0qPVGdA91KO,1001,6.08
z8NQ6yKFikU5,9uXsrini520L,WeVJcjA8H5qT,133.6,6.87
2g77wJvjvINn,Ffe8gTdmyO3U,4cJY064rRFhL,107.63,32.26
aZpyytCpXeLu,6FucextzO1X8,2a07LobkzHUx,399.2,87.83
s0KF0z51RsYJ,9NwzO0Pm0fDM,r7VxefoTVHbb,509.99,17.44
4GTm08n31E42,d0BKmuUhXBys,3FilZnsiTfK7,346.99,34.33
QtZdLoNIdS4f,Nzi3hRERFNyS,Z5HZLMEMP8tD,76,44.99
evVNNJ1W8llQ,v9Zh5L7sKLML,I4ffj2osK42R,116.11,133.37
WmXEBDqLab8e,yPpDvEzJaKln,IN3f7GZE7KZ8,141.4,30.66
uHsygeS551W7,0UOulY5bfHxj,l1pYW6GBnPMr,820,23.57
KzRPFbyIiPqg,DxsP45oneomH,ruq0u2ZpAMDr,107.63,30.69
XUsQni48M6yw,CpeCg2UGCL6P,AvTLykupHOIB,2600,70.34
fn0sJ9nMMMCo,3FfDxNYBiaEE,RKad98cTxhSb,142.2,55.54
ela06vNwaSmx,qiU6uljqd8aK,tNJnfkCxzhmN,117.56,78.84
rRFNAtVUFjGN,8OInt3C4fUKN,MdWxBEep7ZnV,99.25,38.66
L0ear51gV9HC,BBq3IlnjaLXC,r1MWgvi27H4g,10.6,72.87
MWZFuVMNIqv1,wOXCQyEa84Wo,TuPm19CMKvrM,189.99,24.44
VFKkbFKaIWkb,nXNEX5GWTnau,BGPWBRIq3VJB,879.99,32.5
6FVQYyAeJd67,Y3eayqO8aOXQ,ruq0u2ZpAMDr,150.82,144.38
al5Ona1gVjOT,9QaxtwxbrDKi,ojNwdeff5jwc,199.96,65.03
z6zKdlYC0EmU,ixW3eSzsap1f,eCPE0Ax1Tm9X,60.09,157.01
cY7owOvz3HJc,Al4ieZoLaTd8,COsMF55fuZCX,45.99,2.74
l74VNSbAKhwF,AXZzUcbetdav,VbREMx1xh7Eb,49.78,33.9
VW5R1FZUVHg9,44VI3k46Tzq2,w44b3CnkAU44,54.4,23.71
T8ZesZ3oF7VS,OkVrJgMyxTHh,Go8YHBAVjLc1,1849,7.52
rkD9FKa2svhm,0O4bnl5ALupa,qXQo79CrrjZs,181.56,26.72
4F8dq7L3dJym,XW4nFGtgTJll,PYNH4MOEQaXt,749.99,83.09
HTSlHKRd8pWY,pa7OH8qw0fhq,1DpugyRBC5sk,849.5,13.58
hVqywI2dpiVr,5a3fOLvOnQ3s,coi9xkdo66JI,125.46,30.71
seW6RzW2kdpb,3fkBC86iwgvN,0kd4nvPqfBUC,498.8,15.67
lXmJCzPSzu3g,H29FgNKK0Ysz,Ahc5cMpF0T7z,33.41,21.93
XHFGV2kJ7xHu,Tki8pCCAvc2G,PD3ungrnYPg2,139,55.54
7AbKuvHgM6mZ,akCw0d3GZ721,03udyaVfPg3w,78.73,76.73
ymQImIeUGMOG,6K3GS6m9Ykcn,v4i9GZGfxgTZ,223.87,25.34
O5wlWKcdTCXu,ahvLHagsHv9K,2a51UHcJkdrn,836.99,30.66
Hja2UfrujbS1,DT3crpR4MvP8,tjn9TXOjEGlU,419.9,7.52
4DXN8vliW3Km,Ffe8gTdmyO3U,4cJY064rRFhL,107.63,19.63
2MSpYzbK3BnX,pIFjAEt17Asx,DQDmbEDffCF1,552.8,10.18
mdDaeCW7vLYx,06Zem5ml9euJ,5FvGdji6skxT,820,32.34
oyc7YDiN4fTU,rtiHziGBmYUe,q8r1189prXV1,24.62,32.88
IczBed9mV11A,Xa7nw4Iih1NB,CdW7Qr5M6GEr,299.99,8.37
tsbCh2jP8G1M,sch073eFNuJS,ux1d7N0zioFv,124.17,35.07
B9jW8RhY42pj,muQMHf3zHSZK,oI8R7WsNWWBc,518.18,55.54
9uw0suQjIm0o,hLYCVUs0gvdF,AvTLykupHOIB,111.27,38.66
lYiXLldLYf8H,SitPMWGsmpa4,WUOUhAYcu4tr,13.97,103.12
OazbjW7wLDP6,FZKmRAY3nmo9,xeWVu6d99qTQ,399.2,12.28
5Xnq1mcvHNFt,qAJdy2rvA6Nv,KH9VVC2iPaCb,42.89,47.55
jMF3IJt6JdtY,1edaUIVffPFF,KIHrC3FMX5je,159.9,4.24
8Vtt2ZzmjTbU,XEZezewIEjhu,qI9UblMbsm1o,58.71,2.63
wrg3CDdd92md,EAo7LclfBJXL,2a07LobkzHUx,692,36.36
VY6Q8h3SuJoK,a99EnRA5cSEj,eDIK6kE1oLyc,24.52,24.11
TNqEVyw7ZzZx,LZuA6Wfv8WN5,luzDO2kXE6wp,49.97,14.01
KJz87y6F28T9,HcvOassQq76f,LLty41IbV7xo,283.2,14.83
DiH4dPLcUb1N,er5sZC3bHEHt,oAZOntQn2tEJ,517.65,43.76
EoCpkmXFzVG9,6TfaB3ltccuC,ENekhljjhevR,261,133.85
